image_id,figures,objects,scenes,background,attire,text,damage
HMT1,"[""Jesus"", ""Mary""]","[""halos"", ""sunburst design"", ""heart"", ""cross"", ""floral background"", ""decorative wooden border"", ""geometric patterns""]","[""religious icon"", ""traditional iconographic style""]","[""floral background""]",[],"[""Text in Ukrainian""]",[]
HMT2,"[""bearded man"", ""smaller figure on left"", ""smaller figure on right""]","[""book"", ""clock face""]","[""icon""]","[""heavily ornate dark gold frame""]","[""red crown"", ""red robes""]","[""Cyrillic""]","[""hole in background""]"
KSU1,"[""man""]",[],"[""portrait""]","[""forested area"", ""trees"", ""dirt path""]","[""white fur hat"", ""white embroidered shirt"", ""red ribbon"", ""dark cloak"", ""green trousers""]","[""Сушия"", ""колекція Ір. Брус 1929""]","[""visible signs of age"", ""damage on the right side""]"
KSU10,"[""balding man""]",[],"[""painted portrait""]","[""textured blue""]","[""grey mustache"", ""blue coat"", ""red vest"", ""white shirt""]","[""Увійтеся брати мої, Т.Г. Шевченко. думайте читайте! 1861."", ""Сушиця колекція 1814.""]","[""signs of age"", ""wear""]"
KSU11,[],"[""cottage"", ""thatched roof"", ""windows"", ""boat"", ""shore"", ""trees"", ""stones"", ""flowers"", ""moon""]","[""painting"", ""impressionistic style""]","[""body of water"", ""island"", ""peninsula"", ""dark sky"", ""clouds"", ""rocky shore""]",[],"[""Сушия колекція""]",[]
KSU12,[],"[""three houses"", ""thatched roofs"", ""white walls"", ""blue trim"", ""dirt path"", ""wooden fence"", ""trees"", ""tall cypress trees"", ""canvas""]","[""painting"", ""rural village""]","[""rural village"", ""dusk"", ""pink and purple hues"", ""sky""]",[],"[""Сушия КОЛЕКЦІЯ""]",[]
KSU13,"[""woman""]","[""bucket"", ""wooden well""]","[""painting"", ""rural landscape""]","[""green hills"", ""dirt path"", ""trees with yellow blossoms"", ""partly cloudy sky""]","[""traditional folk attire"", ""white blouse with red embroidery"", ""dark blue bodice"", ""patterned skirt""]","[""Сушия колекция""]","[""signs of age"", ""wear""]"
KSU14,"[""person"", ""horse"", ""dog""]","[""sled"", ""frame""]","[""winter scene"", ""village""]","[""snow-covered path"", ""snow-covered houses"", ""church"", ""domes"", ""trees"", ""snow"", ""forested area""]","[""red hat""]","[""Сулиця колекція""]","[""weathered""]"
KSU15,[],"[""small round thatched-roof house"", ""chimney"", ""yellow wall"", ""dark roof"", ""snow-covered path"", ""wooden fence"", ""trees"", ""other houses""]","[""painting"", ""snow-covered rural scene""]","[""snow-covered ground"", ""distant landscape"", ""overcast grey sky""]",[],"[""Сушия"", ""Колекция""]",[]
KSU16,"[""two figures""]","[""dirt field"", ""wooden fence"", ""grassy hill"", ""trees"", ""small white building"", ""bell tower"", ""golden crosses"", ""white walls"", ""green domes""]","[""painting"", ""Russian Orthodox church complex""]","[""rural landscape"", ""overcast sky"", ""clouds""]",[],"[""Сушица колекция""]",[]
KSU17,[],"[""sliced watermelon"", ""plate"", ""bowl of green cucumbers"", ""bunch of green grapes"", ""cluster of dark grapes"", ""several green apples"", ""bottle of wine"", ""blue label"", ""vase with flowers"", ""small orange pumpkin"", ""canvas""]","[""still life painting""]","[""dark""]",[],"[""Сушия колекция""]",[]
KSU18,"[""Two groups of people""]","[""white fence"", ""church"", ""domes"", ""crosses"", ""trees"", ""houses"", ""roofs"", ""path"", ""wooden frame""]","[""painted scene"", ""village""]","[""village"", ""trees"", ""small houses"", ""path""]",[],"[""Сушия"", ""колекция""]","[""signs of age"", ""wear""]"
KSU19,"[""man"", ""woman""]","[""white horse"", ""red saddle"", ""small wooden bucket""]","[""rural landscape""]","[""houses"", ""windmill"", ""trees"", ""cloudy sky""]","[""dark blue military uniform"", ""black hat"", ""red and blue embroidered dress""]","[""Дівчино Моя, на піжке коня, срубленої нової кріпниці, споного відра!"", ""Сушия колекція""]","[""visible signs of age and wear""]"
KSU2,"[""man""]","[""cows"", ""cart"", ""bundle of hay or straw""]","[""painting"", ""canvas""]","[""grassy field"", ""blue sky"", ""white clouds"", ""black birds"", ""green grass"", ""small wildflowers""]","[""traditional attire""]","[""Сушия КОЛЕКЦИЯ""]","[""signs of age and wear""]"
KSU20,[],"[""watermelon"", ""slice"", ""bowl"", ""basket"", ""pears"", ""grapes"", ""leafy plant""]","[""still life""]","[""green fields"", ""trees"", ""blue sky"", ""clouds""]",[],"[""Сушия колекция""]","[""visible cracks"", ""damage""]"
KSU21,"[""man"", ""two oxen"", ""other figures""]","[""bundle"", ""plow"", ""cart""]","[""oil painting"", ""rural landscape""]","[""plowed field"", ""houses"", ""trees"", ""sky""]","[""white shirt"", ""trousers""]","[""Сушия колекція""]","[""cracks"", ""wear""]"
KSU22,"[""woman""]",[],"[""portrait""]","[""landscape"", ""trees"", ""field""]","[""traditional attire"", ""dark vest"", ""white blouse"", ""floral embroidery"", ""multi-layered necklace"", ""red beads"", ""orange beads"", ""white beads""]","[""1931"", ""Сушия"", ""Колекция""]","[""cracking"", ""peeling paint""]"
KSU23,"[""man""]",[],"[""portrait""]","[""textured dark brown""]","[""mustache"", ""dark fur-lined hat"", ""dark coat"", ""brown shirt""]","[""Сулиця КОЛЕКЦІЯ""]","[""cracks"", ""rough texture"", ""signs of age and wear""]"
KSU24,"[""small figure""]","[""dirt path"", ""birch tree"", ""other trees"", ""signature"", ""watermark""]","[""painting"", ""rural landscape""]","[""green field"", ""light and cloudy sky""]",[],"[""signature"", ""watermark""]","[""cracks"", ""paint wear"", ""signs of age""]"
KSU25,"[""woman"", ""young boy""]","[""wooden trough"", ""chickens"", ""well"", ""bucket"", ""wooden pole"", ""houses"", ""trees"", ""wooden fence""]","[""oil painting"", ""canvas""]","[""rural scene"", ""pale sky"", ""overcast sky""]","[""white shirt"", ""red skirt""]","[""Сушия КОЛЕВСЬЯ""]","[""cracks"", ""wear""]"
KSU3,"[""woman"", ""swans""]","[""river"", ""wooden bridge"", ""horse-drawn cart"", ""houses"", ""church"", ""blue domes"", ""frame""]","[""painting"", ""rural landscape""]","[""rural landscape"", ""field"", ""sky"", ""white clouds""]","[""red skirt""]","[""Сушия колекция""]",[]
KSU4,"[""elderly man""]",[],"[""portrait""]","[""plain textured grey""]","[""white beard"", ""mustache"", ""dark fur hat"", ""dark coat""]","[""Сулия колекція""]","[""visible brushstrokes"", ""damage""]"
KSU5,[],"[""birch trees"", ""leaves"", ""stream"", ""pond""]","[""oil painting"", ""canvas"", ""forest scene""]","[""distant landscape"", ""more trees"", ""pale sky""]",[],"[""Сушица КОЛЕКЦІЯ""]",[]
KSU6,"[""bald man with a mustache""]","[""quill pen"", ""inkwell"", ""book"", ""table""]","[""portrait"", ""oil on canvas""]","[""textured brownish wall""]","[""light-colored shirt with dark embroidery"", ""dark cloak draped over shoulder""]","[""Cyrillic script watermark""]",[]
KSU7,"[""balding man""]",[],"[""portrait""]","[""textured, dark olive green""]","[""dark coat"", ""brown shirt""]","[""Сушия"", ""колекція""]","[""signs of age and wear""]"
KSU8,[],"[""small house"", ""thatched roof"", ""wooden fence"", ""green fields"", ""hay bales"", ""trees"", ""body of water"", ""swans"", ""dark red frame""]","[""painting""]","[""rural landscape"", ""soft, wavy clouds""]",[],"[""Сушица КОЛЕКЦІЯ""]","[""signs of age and wear""]"
KSU9,"[""man in red coat"", ""woman in blue and red dress"", ""older man in light blue shirt""]","[""black horse"", ""sword""]","[""rural scene"", ""painting""]","[""village"", ""thatched-roof houses"", ""trees"", ""pink and blue sky""]","[""red coat"", ""black hat"", ""blue and red dress"", ""light blue shirt"", ""dark trousers""]","[""Виде коня за поводи та плache Ярина; старий батько іде рядом, наставляє сина."", ""Сушия колекция""]","[""visible signs of age and wear""]"
KYD1241,"[""Jesus Christ""]","[""golden halo"", ""golden heart"", ""cross"", ""white bandage""]","[""religious portrait""]","[""blue sky"", ""yellow halo""]","[""dark robe"", ""red garment""]",[],"[""cracks"", ""paint damage"", ""red mark"", ""visible signs of age and wear""]"
KYD1242,"[""woman""]","[""flowers"", ""bouquet""]","[""religious portrait""]","[""blue""]","[""red garment"", ""white veil""]",[],"[""signs of age"", ""wear""]"
KYD1243,[],"[""large faded green cross"", ""red outline"", ""dark wooden surface""]",[],"[""dark textured background"", ""visible cracks"", ""peeling paint"", ""patches of yellow and brown""]",[],"[""faint illegible text""]","[""signs of age"", ""damage""]"
KYD1244,"[""Jesus Christ"", ""woman"", ""man"", ""man""]","[""large wooden cross"", ""staff""]","[""Resurrection of Christ""]","[""dark blue"", ""radiating lines""]","[""green and red robe"", ""crown"", ""dark robe"", ""crown"", ""green and red robe""]","[""ВОЗВЕДЕНІЕ, КРЕСТ"", ""ГОСПОДАНА""]","[""cracks"", ""paint damage""]"
KYD1245,"[""woman"", ""child"", ""man""]","[""child"", ""book""]","[""icon"", ""vertical format""]","[""dark red"", ""cracks"", ""paint damage""]","[""red hood"", ""dark robe"", ""red patterned hat"", ""dark robe""]","[""gold text"", ""illegible""]","[""cracks"", ""paint damage""]"
KYD1246,"[""woman"", ""child""]","[""plant"", ""flowers"", ""cross""]","[""religious icon""]","[""dark"", ""textured""]","[""red robe"", ""hood""]","[""text at the bottom of the image""]","[""old"", ""damaged""]"
KYD1247,"[""woman""]","[""small golden cross"", ""bundle of grass""]",[],"[""dark red"", ""weathered wood""]","[""dark hair"", ""yellow halo"", ""green robe"", ""pearl necklace"", ""cross earring""]","[""faded Greek text""]","[""visible cracks"", ""damage""]"
KYD1248,"[""figure""]","[""river"", ""island"", ""birch trees"", ""forest""]","[""vertical oil painting"", ""landscape""]","[""green hills"", ""distant forest"", ""sky""]","[""dark clothing""]","[""ЕТНОГРАФІЧНА КОЛЕКЦІЯ КРОВЕЦЬ krovets.com.ua""]","[""visible signs of age and wear""]"
KYD1249,"[""man in red coat"", ""man in white shirt"", ""woman in blue and red embroidered dress""]","[""dark horse"", ""rifle"", ""houses"", ""church""]","[""painted folk art scene""]","[""rural setting"", ""green roofs"", ""golden domes""]","[""red coat"", ""black hat"", ""white shirt"", ""blue pants"", ""blue and red embroidered dress""]","[""Text in Ukrainian is visible at the bottom""]","[""signs of age"", ""damage""]"
KYD1250,"[""man"", ""woman"", ""horse""]","[""white horse"", ""red and green decorations"", ""water pump"", ""pond"", ""swans"", ""birds""]","[""rural village scene"", ""painted mural""]","[""thatched-roof houses"", ""green trees"", ""blue sky""]","[""red coat"", ""black hat"", ""red and white dress""]","[""ЕТНОГРАФИЧНА КОЛЕКЦІЯ КРОВЕЦЬ"", ""kroves.com.ua""]",[]
KYD1251,"[""man"", ""woman"", ""woman"", ""woman"", ""child""]","[""boat"", ""lute"", ""long pole"", ""cooking""]","[""painting"", ""depiction""]","[""river"", ""trees"", ""hills"", ""cloudy sky""]","[""traditional folk attire""]","[""ЕТНОГРАФИЧНА КОЛЕКЦІЯ КРОВЕЦЬ krovets.com.ua""]","[""visible grain"", ""some damage""]"
KYD1252,"[""woman""]","[""wooden chair"", ""roses"", ""vase""]","[""painted portrait""]","[""garden"", ""cloudy sky""]","[""traditional attire"", ""blue dress"", ""white sleeves"", ""red patterns"", ""dark blue vest"", ""floral headpiece"", ""multiple necklaces""]","[""ЕТНОГРАФІЧНА КОЛЕКЦІЯ КРОВЕЦЬ"", ""krovets.com.ua""]","[""signs of aging"", ""damage""]"
KYD1253,[],"[""houses"", ""trees"", ""dock"", ""swans"", ""hill"", ""church"", ""water"", ""sky""]","[""painting"", ""wooden painting""]","[""lakeside village"", ""shore"", ""lake"", ""hill"", ""sky""]",[],"[""ЕТНОГРАФІЧНА КОЛЕКЦІЯ КРОВЕЦЬ krovets.com.ua""]","[""signs of age"", ""wear""]"
KYD1254,"[""man"", ""woman""]","[""flowers""]","[""painted portrait""]","[""dark, textured background""]","[""black hat"", ""dark jacket"", ""white shirt"", ""red tie"", ""floral headband"", ""dark vest"", ""white blouse"", ""embroidery"", ""heavy necklace of silver coins""]","[""watermark""]",[]
KYD1255,"[""elderly woman""]","[""wooden stool"", ""cow"", ""wooden trough"", ""small white house""]","[""portrait""]","[""garden"", ""trees"", ""greenery""]","[""brown vest"", ""white blouse"", ""blue floral embroidery"", ""blue skirt"", ""dark boots"", ""red ribbon""]","[""ЕТНОГРАФІЧНА КОЛЕКЦІЯ КРОВЕЦЬ krovets.com.ua""]","[""signs of age"", ""wear""]"
KYD1256,"[""bald man""]",[],"[""portrait""]","[""textured, dark grey""]","[""dark coat"", ""blue shirt"", ""brown sash""]","[""1814-1861 2. 14. НИСЕСТЕНКО 1925 2 К"", ""ЕТНОГРАФІЧНА КОЛЕКЦІЯ КРОВЕЦЬ krovets.com.ua""]","[""cracks"", ""fading"", ""visible signs of age and wear""]"
KYD1257,"[""man in dark hat and coat"", ""two figures seated by fire"", ""man on white horse"", ""woman in white shirt and red skirt""]","[""stringed instrument"", ""fire"", ""white horse"", ""body of water""]","[""damaged, aged painting"", ""scene with several figures""]","[""textured, peeling surface"", ""body of water""]","[""dark hat"", ""coat"", ""white shirt"", ""red skirt""]","[""Т.Г. ШЕВЧЕНКО"", ""УЧІТЕ СЯ БРАТИ МОЇ ДУМАЙТЕ ЧИТАЙТЕ....!"", ""ЕТНОГРАФІЧНА КОЛЕКЦІЯ КРОВЕЦЬ"", ""krovets.com.ua""]","[""damaged"", ""aged"", ""textured, peeling surface""]"
KYD1258,"[""man""]",[],"[""painted portrait""]","[""textured, muted blue and beige wall""]","[""dark, double-breasted military uniform"", ""gold trim"", ""buttons""]","[""ЕТНОГРАФІЧНА КОЛЕКЦІЯ КРОВЕЦЬ krovets.com.ua""]","[""signs of age and wear""]"
KYD1259,"[""woman""]",[],"[""painted portrait""]","[""weathered textured wall"", ""small window""]","[""dark hair"", ""floral headband"", ""dark blue vest"", ""white embroidered blouse"", ""multi-layered necklace with beads""]","[""watermark""]",[]
KYD1260,"[""woman""]","[""golden chalice"", ""flower""]","[""religious icon""]","[""muted, textured brown""]","[""crown"", ""dark green robe"", ""red cloak"", ""white collar""]","[""Cyrillic script"", ""watermark""]","[""signs of age"", ""damage""]"
KYD1261,"[""bearded man""]","[""staff"", ""dove"", ""two small painted heads""]","[""damaged, circular wooden icon""]","[""dark"", ""green foliage""]","[""green and red robe""]","[""ЕТНОГРАФІЧНА КОЛЕКЦІЯ КРОВЕЦЬ"", ""website address""]","[""visible wood grain"", ""cracks""]"
KYD1264,"[""Virgin Mary"", ""infant Jesus""]","[""gold necklace"", ""wood""]","[""icon""]","[""gold field""]","[""red veil"", ""blue garment"", ""gold necklace"", ""white and green dress""]","[""ΜΡ"", ""ΧΡ""]","[""visible cracks"", ""damage"", ""visible wood grain and damage"", ""split into two panels"", ""right panel showing a visible crack""]"
KYD1265,"[""balding man""]","[""canvas""]","[""portrait""]","[""dark textured brown""]","[""dark coat"", ""red shirt"", ""white collar""]","[""ЕТНОГРАФІЧНА КОЛЕКЦІЯ КРОВЕЦЬ krovets.com.ua""]","[""visible cracks"", ""age-related damage""]"
KYD1266,"[""Several figures on horseback""]","[""horses"", ""castle""]","[""battle scene""]","[""sunset"", ""hill"", ""sky"", ""clouds""]",[],"[""Бій і Богуна з Яремою Вишневецьким"", ""Ігор"", ""1987р.""]","[""visible brushstrokes"", ""areas of wear""]"
KYD1267,"[""numerous figures on horseback"", ""rider""]","[""swords"", ""bows"", ""horseback""]","[""chaotic battle scene"", ""night""]","[""forested area"", ""stream"", ""dark sky"", ""large moon"", ""clouds""]","[""colorful, traditional attire""]","[""Тарасова ніч. 1630р. 22 травня""]","[""black crack in the lower right corner"", ""signs of wear and tear""]"
KYD1679,"[""Virgin Mary"", ""infant Jesus""]","[""golden halo""]","[""wooden icon""]","[""floral patterns"", ""red"", ""green"", ""white""]","[""red veil"", ""red robe"", ""white tunic"", ""dark cloak""]","[""ЕТНОГРАФІЧНА КОЛЕКЦІЯ КРОВЕЦЬ""]","[""paint damage"", ""visible wood grain""]"
KYD1680,"[""Virgin Mary"", ""infant Jesus""]","[""halos"", ""golden arch"", ""dark border"", ""red drapery"", ""geometric symbol""]","[""religious icon""]","[""dark red"", ""golden arch""]","[""dark, hooded garment"", ""red robe"", ""light-colored garment""]","[""ЕТНОГРАФІЧНА КОЛЕКЦІЯ КРОВЕЦЬ""]","[""cracks"", ""paint loss""]"
KYD1681,"[""Jesus Christ""]","[""large round wooden object""]","[""painted icon""]","[""red curtain"", ""green drapery""]","[""long dark hair"", ""black robe"", ""red garment""]","[""ЕТНОГРАФІЧНА КОЛЕКЦІЯ КРОВЕЦЬ""]","[""visible cracks"", ""paint damage""]"
KYD1682,"[""woman with a halo"", ""saint""]","[""crucifix""]","[""religious icon"", ""depiction of a woman with a halo""]","[""dark green""]","[""red robe with gold trim"", ""dark inner garment""]","[""ЕТНОГРАФИЧНА КОЛЕКЦІЯ КРОВЕЦЬ""]","[""visible paint cracking"", ""peeling""]"
KYD1683,"[""Virgin Mary"", ""infant Jesus""]","[""gold crown"", ""star""]","[""religious icon""]","[""dark, weathered wooden surface"", ""dark and textured""]","[""red veil"", ""dark blue garment"", ""gold crown"", ""star on head"", ""white and gold dress""]","[""ЕТНОГРАФІЧНА КОЛЕКЦІЯ КРОВЕЦЬ""]","[""damaged"", ""aged"", ""visible cracks"", ""peeling paint"", ""significant age"", ""deterioration""]"
KYD1684,"[""reclining figure""]","[""skull"", ""red cloth"", ""rooster"", ""cross"", ""vase"", ""flowers""]","[""damaged, aged painting""]","[""dark surface"", ""bed"", ""red curtain""]",[],"[""ЕТНОГРАФІЧНА КОЛЕКЦІЯ КРОВЕЦЬ""]","[""visible cracks"", ""dark spots"", ""poor condition""]"
KYD1685,"[""Virgin Mary"", ""infant Jesus"", ""two men""]",[],"[""painted wooden icon""]","[""dark red"", ""decorative elements""]","[""red robe"", ""gold halo"", ""crown"", ""white and blue garment"", ""dark robes with red trim""]","[""ЕТНОГРАФИЧНА КОЛЕКЦІЯ КРОВЕЦЬ""]","[""cracks"", ""holes""]"
KYD1686,[],"[""wooden object"", ""traditional tool"", ""washboard"", ""wooden tool""]",[],[],[],[],"[""weathered appearance"", ""visible grain"", ""discoloration"", ""deep grooves"", ""signs of wear"", ""age""]"
KYD1687,"[""bearded man"", ""Jesus Christ""]","[""small cross""]","[""seated pose""]","[""dark red"", ""gold ornamental borders""]","[""red garment"", ""dark robe""]","[""ЕТНОГРАФІЧНА КОЛЕКЦІЯ КРОВЕЦЬ""]","[""paint cracking"", ""peeling""]"
KYD1688,"[""Virgin Mary"", ""infant Jesus""]","[""golden halos""]","[""religious painting""]","[""dark red background"", ""ornate golden borders""]","[""dark veil"", ""red garment"", ""white dress""]","[""ЕТНОГРАФІЧНА КОЛЕКЦІЯ КРОВЕЦЬ""]","[""cracked"", ""worn"", ""visible damage to the surface""]"
KYD1689,"[""Virgin Mary"", ""infant Jesus""]",[],"[""icon""]","[""gold-leafed surface"", ""textured surface""]","[""red veil"", ""red robe"", ""green and yellow dress""]","[""ЕТНОГРАФІЧНА КОЛЕКЦІЯ КРОВЕЦЬ""]","[""cracks"", ""peeling paint"", ""holes""]"
KYD1690,"[""Virgin Mary"", ""infant Jesus""]",[],"[""depiction""]","[""dark"", ""floral motifs""]","[""golden halo"", ""red and green robe"", ""simple halo"", ""striped garment""]","[""ЕТНОГРАФІЧНА КОЛЕКЦІЯ КРОВЕЦЬ""]","[""cracked"", ""holes"", ""paint damage""]"
KYD1691,"[""Virgin Mary"", ""infant Jesus""]",[],"[""icon""]","[""dark, weathered surface""]","[""red robe with gold trim"", ""golden halo"", ""green garment""]","[""Greek letters"", ""ЕТНОГРАФИЧНА КОЛЕКЦІЯ КРОВЕЦ""]","[""visible cracks"", ""peeling paint""]"
KYD1692,"[""figure in armor"", ""horse""]","[""sword"", ""dragon""]","[""painted wooden icon""]","[""dark background"", ""yellow stars"", ""wooden surface""]","[""armor"", ""red cape""]","[""ЕТНОГРАФІЧНА КОЛЕКЦІЯ КРОВЕЦЬ""]","[""visible grain"", ""cracks""]"
KYD1693,"[""Virgin Mary"", ""infant Jesus""]","[""gold halo"", ""halo""]","[""painted wooden icon""]","[""dark red"", ""floral patterns"", ""gold accents""]","[""red veil"", ""red robe"", ""white tunic"", ""dark cloak""]","[""ЕТНОГРАФИЧНА КОЛЕКЦИЯ КРОВЕЦЬ""]","[""cracks"", ""paint loss"", ""visible signs of age""]"
KYD1694,"[""saint"", ""small figure""]","[""staff"", ""red cloth"", ""horse"", ""dragon"", ""rocky outcrop""]","[""religious icon"", ""saint on horseback"", ""attacking a green dragon""]","[""dark background"", ""red border""]",[],"[""ЕТНОГРАФІЧНА КОЛЕКЦІЯ КРОВЕЦЬ""]","[""cracks"", ""peeling paint""]"
KYD1695,"[""Virgin Mary"", ""infant Jesus""]","[""wooden surface""]","[""religious painting""]","[""dark red"", ""black decorative elements""]","[""dark blue or black veil"", ""yellow garment"", ""light-colored robe""]","[""ЕТНОГРАФІЧНА КОЛЕКЦІЯ КРОВЕЦЬ""]","[""cracks"", ""paint damage""]"
KYD1696,"[""crowned female figure""]","[""chalice"", ""sword""]","[""painted icon""]","[""dark red textured surface with small holes""]","[""green robe with gold trim"", ""dark cloak""]","[""ЕТНОГРАФІЧНА КОЛЕКЦІЯ КРОВЕЦЬ""]","[""cracks"", ""paint loss""]"
KYD1697,"[""Virgin Mary"", ""infant Jesus""]","[""halos"", ""pinecones""]","[""damaged icon""]","[""dark background"", ""wooden surface""]","[""red veil"", ""red robe with gold trim"", ""white and green dress""]","[""ЕТНОГРАФІЧНА КОЛЕКЦІЯ КРОВЕЦЬ""]","[""visible holes"", ""cracks""]"
KYD1698,"[""female figure""]","[""golden halo"", ""golden chalice""]","[""damaged wooden icon""]","[""dark blue""]","[""crown"", ""brown robe"", ""gold necklace""]","[""partially visible text in Cyrillic script"", ""ЕТНОГРАФИЧНА КОЛЕКЦІЯ КРОВЕЦ""]","[""visible cracks"", ""peeling paint""]"
KYD1699,"[""woman""]","[""chalice""]","[""religious icon""]","[""dark, textured background""]","[""crown"", ""robe""]","[""text in Cyrillic script"", ""ЕТНОГРАФІЧНА КОЛЕКЦІЯ КРОВЕЦЬ""]","[""cracks"", ""peeling paint""]"
KYD1700,"[""bearded man"", ""religious figure""]","[""small object""]","[""Eastern Orthodox icons""]","[""mottled, aged surface"", ""visible cracks"", ""rust spots""]","[""light-colored robe"", ""crown""]","[""ЕТНОГРАФІЧНА КОЛЕКЦІЯ КРОВЕЦЬ""]","[""weathered"", ""aged surface"", ""visible cracks"", ""rust spots""]"
KYD1701,"[""bearded man"", ""woman"", ""child""]","[""book"", ""golden halos""]","[""icon""]","[""blue"", ""visible cracks""]","[""red and gold vestments"", ""mitre"", ""red robes""]","[""НИКОЛАЙ ЛИР"", ""ЕТНОГРАФІЧНА КОЛЕКЦІЯ КРОВЕЦЬ""]","[""paint cracking"", ""peeling""]"
KYD1702,"[""woman"", ""young child"", ""older man""]","[""halo"", ""halo"", ""right hand""]","[""damaged, painted wooden icon""]","[""dark blue"", ""red script""]","[""red head covering"", ""long white beard"", ""long white hair""]","[""ЕТНОГРАФИЧНА КОЛЕКЦИЯ КРОВЕЦ""]","[""visible cracks"", ""paint damage"", ""poor condition""]"
KYD1703,"[""Virgin Mary"", ""infant Jesus""]",[],"[""traditional Orthodox style""]","[""ornate"", ""gold and green patterns""]","[""red robe"", ""green veil"", ""gold halo"", ""white garment"", ""yellow sash""]","[""ЕТНОГРАФИЧНА КОЛЕКЦІЯ КРОВЕЦЬ""]","[""damaged"", ""split"", ""vertical crack""]"
KYD1704,"[""Virgin Mary"", ""infant Jesus""]","[""small object""]","[""icon""]","[""dark background"", ""pomegranates"", ""leaves""]","[""red robe with gold trim"", ""green veil"", ""white dress"", ""golden halo""]","[""ЕТНОГРАФИЧНА КОЛЕКЦІЯ КРОВЕЦЬ""]","[""vertical crack"", ""split down the middle""]"
KYD1705,"[""figure in green robe"", ""young person in red robe"", ""figure in red robe"", ""older man with white beard""]","[""cross"", ""staff"", ""dove"", ""golden pyramid""]","[""religious scene""]","[""wooden icon""]","[""green robe"", ""red robe"", ""yellow collar"", ""green cloak""]","[""Iesu"", ""Ave"", ""ЕТНОГРАФІЧНА КОЛЕКЦІЯ КРОВЕЦЬ""]","[""cracks"", ""paint damage""]"
KYD1706,"[""female figure""]","[""white horse"", ""spear"", ""decorative bridle""]","[""painting""]","[""dark"", ""streaks of red paint""]","[""red cloak"", ""helmet""]","[""ЕТНОГРАФИЧНА КОЛЕКЦІЯ КРОВЕЦЬ""]","[""vertical red paint streaks""]"
KYD1707,"[""figure, likely Jesus Christ""]","[""cross with crucified figure""]","[""wooden icon""]","[""orange with black floral patterns""]","[""long dark hair"", ""red robe with gold trim"", ""blue garment""]","[""ЕТНОГРАФІЧНА КОЛЕКЦІЯ КРОВЕЦЬ""]","[""peeling paint"", ""cracks"", ""vertical crack down the center""]"
KYD1708,"[""Virgin Mary"", ""infant Jesus""]","[""golden halos""]","[""damaged wooden icon""]","[""gold field"", ""two green circular designs""]","[""red robe"", ""green veil"", ""red head covering"", ""white dress""]","[""ЕТНОГРАФИЧНА КОЛЕКЦІЯ КРОВЕЦЬ""]","[""vertical cracks"", ""dark stains""]"
KYD1709,"[""saint""]","[""horse"", ""dragon"", ""decorative border""]","[""saint on horseback"", ""killing a dragon""]","[""clouds"", ""landscape""]","[""crown"", ""red cloak""]","[""ЕТНОГРАФІЧНА КОЛЕКЦІЯ КРОВЕЦЬ""]","[""cracks"", ""paint loss""]"
KYD1710,"[""Virgin Mary"", ""infant Jesus""]","[""icon"", ""watermark""]","[""damaged wooden icon""]","[""dark background"", ""red border""]","[""red robe with gold trim"", ""golden halo"", ""white dress""]","[""ЕТНОГРАФІЧНА КОЛЕКЦІЯ КРОВЕЦЬ""]","[""visible cracks"", ""paint damage"", ""left side damage""]"
KYD1711,"[""Virgin Mary"", ""infant Jesus""]","[""golden halo""]","[""icon""]","[""red"", ""gold patterns"", ""black flowers""]","[""red robe"", ""blue undergarment"", ""red veil"", ""yellow garment""]","[""ЕТНОГРАФИЧНА КОЛЕКЦІЯ КРОВЕЦЬ""]","[""vertical crack"", ""signs of age"", ""wear""]"
KYD1712,"[""Virgin Mary"", ""infant Jesus""]","[""golden halo""]","[""painted wooden icon""]","[""rich red"", ""floral patterns in green and gold""]","[""red robe with gold trim"", ""jeweled crown"", ""simple white garment""]","[""Text in Cyrillic is visible in the upper right corner and at the bottom right""]","[""cracks"", ""paint wear""]"
KYD1713,"[""crowned female figure""]","[""golden halo"", ""chalice""]","[""damaged, wooden icon""]","[""ornate with gold and green floral patterns""]","[""dark robe with gold trim"", ""red cloak""]","[""ЕТНОГРАФІЧНА КОЛЕКЦІЯ КРОВЕЦЬ""]","[""visible vertical cracks"", ""paint damage""]"
KYD1714,"[""woman""]","[""small object"", ""halo"", ""green leaves"", ""pink roses""]","[""icon""]","[""dark green and gold""]","[""dark veil"", ""dark robe"", ""red and gold details""]","[""ЕТНОГРАФИЧНА КОЛЕКЦІЯ КРОВЕЦЬ""]","[""peeling paint"", ""cracks""]"
KYD1715,"[""Virgin Mary"", ""infant Jesus""]","[""golden halos"", ""decorative octagonal frame""]","[""icon""]","[""dark""]","[""red robe"", ""blue garment"", ""white tunic""]","[""ЕТНОГРАФІЧНА КОЛЕКЦІЯ КРОВЕЦЬ""]","[""cracks"", ""paint loss""]"
KYD1716,"[""central figure"", ""two angels""]","[""chalice"", ""staff""]","[""religious icon""]","[""dark red"", ""green leaves""]","[""bare-chested"", ""red cloth""]","[""Cyrillic script"", ""watermark""]","[""cracking"", ""damage""]"
KYD1717,"[""bearded man""]","[""book""]","[""icon""]","[""wooden panel"", ""golden halo"", ""two black floral motifs""]","[""religious attire"", ""golden halo"", ""red and gold mitre"", ""red robe with gold trim""]","[""Cyrillic""]","[""cracks"", ""paint loss""]"
KYD1718,"[""Saint Nicholas""]","[""book""]","[""painted wooden icon"", ""Eastern Orthodox icon""]","[""red with floral patterns""]","[""white beard"", ""red mitre"", ""red vestments with gold trim""]","[""Text is visible at the top and bottom of the image""]","[""cracks"", ""paint wear"", ""signs of age""]"
KYD1719,"[""saint""]","[""staff"", ""halo""]","[""icon""]","[""ornate"", ""gold and red floral patterns""]","[""red robe"", ""dark garment""]","[""Cyrillic"", ""ЕТНОГРАФИЧНА КОЛЕКЦІЯ КРОВЕЦЬ""]","[""wood grain"", ""cracks""]"
KYD1720,"[""central figure"", ""figure in red drapery"", ""bearded man""]","[""golden halo"", ""golden crown"", ""golden crown"", ""yellow triangular shape"", ""white dove""]","[""religious scene""]","[""dark""]","[""red garment"", ""red drapery"", ""green robe""]","[""ЕТНОГРАФИЧНА КОЛЕКЦІЯ КРОВЕЦЬ""]","[""paint cracking"", ""peeling""]"
KYD1721,"[""Virgin Mary"", ""Christ Child""]","[""wooden icon"", ""oval""]","[""depiction of the Virgin holding the Christ Child""]","[""red"", ""gold and green floral patterns""]","[""red veil"", ""green robe"", ""golden halo""]","[""text in Cyrillic script"", ""ЕТНОГРАФІЧНА КОЛЕКЦІЯ КРОВЕЦ""]","[""visible vertical cracks"", ""damage""]"
KYD1722,"[""Virgin Mary"", ""infant Jesus""]","[""floral ornament"", ""wooden surface""]","[""icon""]","[""golden-yellow"", ""floral pattern""]","[""red robe"", ""green robe"", ""golden halo""]","[""ЕТНОГРАФИЧНА КОЛЕКЦІЯ КРОВЕЦ""]","[""cracks"", ""dark, vertical streak""]"
KYD1723,"[""Christ Pantocrator""]","[""open book"", ""green leaves"", ""red apples""]","[""two-part wooden icon""]","[""dark"", ""weathered""]","[""golden halo"", ""red and gold robe""]","[""Greek text"", ""ЕТНОГРАФІЧНА КОЛЕКЦІЯ КРОВЕЦЬ""]","[""damaged""]"
KYD1724,"[""saint""]","[""book"", ""small decorated shield""]","[""wooden icon"", ""traditional Orthodox style""]","[""dark red"", ""gold floral patterns""]","[""dark ornate mitre"", ""dark robe with gold embroidery"", ""cross"", ""floral patterns""]","[""text in Cyrillic script"", ""ЕТНОГРАФІЧНА КОЛЕКЦІЯ КРОВЕЦЬ""]","[""visible cracks"", ""wear"", ""split down the middle"", ""vertical crack running through the center""]"
KYD1725,"[""Virgin Mary"", ""infant Jesus""]","[""golden halos"", ""pomegranates""]","[""wooden icon""]","[""dark background"", ""painted flowers""]","[""red veil"", ""red robe with gold trim"", ""white dress""]","[""ЕТНОГРАФІЧНА КОЛЕКЦІЯ КРОВЕЦЬ""]","[""visible wood grain"", ""damage on Virgin's face"", ""damage on Virgin's hands""]"
KYD1726,"[""Virgin Mary"", ""infant Jesus""]","[""golden halo""]","[""icon""]","[""dark"", ""green leaves"", ""pink flowers""]","[""red robe"", ""red veil"", ""light-colored garment""]","[""ЕТНОГРАФИЧНА КОЛЕКЦІЯ КРОВЕЦЬ""]","[""cracks"", ""paint loss""]"
KYD1727,"[""bearded man""]","[""scroll"", ""table"", ""book""]",[],"[""golden halo"", ""ornate golden background"", ""floral motif"", ""red curtain""]","[""black hat"", ""dark robes""]","[""ЕТНОГРАФІЧНА КОЛЕКЦІЯ КРОВЕЦЬ""]","[""visible damage""]"
KYD1728,"[""Virgin Mary"", ""infant Jesus"", ""angel Gabriel""]","[""golden halos"", ""wood""]","[""religious icon"", ""oval-shaped""]","[""dark red"", ""gold border""]","[""green robe"", ""light-colored head covering"", ""white cloth""]","[""Cyrillic text"", ""ЕТНОГРАФИЧНА КОЛЕКЦІЯ КРОВЕЦЬ""]","[""visible cracks"", ""wear""]"
KYD1729,"[""female figure""]","[""chalice""]","[""religious icon""]","[""ornate green floral patterns"", ""gold"", ""wooden surface""]","[""dark blue or green robe"", ""red cloak""]","[""Cyrillic""]","[""cracks"", ""paint drips"", ""significant deterioration""]"
KYD1730,"[""Virgin Mary"", ""infant Jesus""]","[""book""]","[""painted wooden icon""]","[""dark""]","[""red veil"", ""green garment""]","[""ЕТНОГРАФІЧНА КОЛЕКЦІЯ КРОВЕЦЬ""]","[""signs of age"", ""damage""]"
KYD1731,[],"[""sword""]","[""painting""]","[""dark"", ""cloudy""]","[""crown"", ""red cloak""]","[""ЕТНОГРАФІЧНА КОЛЕКЦІЯ КРОВЕЦЬ""]","[""cracked"", ""damaged"", ""vertical crack""]"
KYD1732,"[""Virgin Mary"", ""infant Jesus""]","[""golden halo""]","[""damaged, painted icon""]","[""black and gold pattern"", ""zigzag design""]","[""red and blue robe with gold trim"", ""yellow garment""]","[""ЕТНОГРАФІЧНА КОЛЕКЦІЯ КРОВЕЦЬ""]","[""visible cracks"", ""paint damage""]"
KYD1733,"[""bearded man""]","[""staff"", ""cross""]","[""religious icon""]","[""starburst pattern"", ""gold"", ""dark red colors""]","[""red robe"", ""golden crown""]","[""ЕТНОГРАФІЧНА КОЛЕКЦІЯ КРОВЕЦЬ""]","[""visible signs of age"", ""damage""]"
KYD1734,"[""Virgin Mary"", ""infant Jesus"", ""Jesus"", ""bearded man"", ""two figures""]","[""chalice""]","[""religious scene"", ""crucifixion""]","[""dark"", ""gold circular patterns""]","[""red robe"", ""crown""]","[""ЕТНОГРАФИЧНА КОЛЕКЦІЯ КРОВЕЦЬ""]","[""signs of age"", ""damage""]"
KYD1735,"[""woman"", ""man"", ""man"", ""man""]","[""cross""]","[""religious icon""]","[""red and gold""]","[""pink and black robe"", ""green robe""]","[""ЕТНОГРАФИЧНА КОЛЕКЦІЯ КРОВЕЛЬ""]","[""paint cracking"", ""peeling""]"
KYD1736,"[""crowned woman"", ""woman"", ""man""]","[""chalice"", ""book"", ""cloud""]","[""icon""]","[""green"", ""black leaves"", ""red flowers""]","[""red and gold robe"", ""yellow and red robe"", ""red and gold robe""]","[""ЕТНОГРАФИЧНА КОЛЕКЦИЯ КРОВЕЦ""]","[""cracks"", ""paint damage""]"
KYD1737,"[""woman"", ""man"", ""man""]","[""green cross"", ""staff"", ""book""]","[""icon""]","[""dark red"", ""clouds""]","[""red and gold robe"", ""green crown"", ""green and red robe"", ""golden cross"", ""yellow and blue robe"", ""red and gold crown""]","[""ЕТНОГРАФІЧНА КОЛЕКЦІЯ КРОВЕЦЬ""]","[""signs of age"", ""damage""]"
KYD1738,"[""Jesus Christ""]","[""open book""]","[""icon""]","[""dark wooden panel""]","[""golden halo"", ""crown"", ""red robe"", ""blue cloak""]","[""ЕТНОГРАФИЧНА КОЛЕКЦІЯ КРОВЕЦЬ""]","[""signs of age"", ""damage"", ""visible vertical cracks"", ""paint damage""]"
KYD1739,"[""Jesus Christ"", ""two angels""]","[""chalice""]","[""damaged, wooden icon""]","[""dark red""]","[""crown of thorns"", ""halo""]","[""ЕТНОГРАФІЧНА КОЛЕКЦІЯ КРОВЕЦЬ""]","[""cracks"", ""peeling paint""]"
KYD1740,[],"[""cross"", ""scroll"", ""small object""]","[""painting""]","[""dark""]",[],"[""text in the lower left corner"", ""watermark in the lower right corner""]","[""visible cracks"", ""damage"", ""poor condition""]"
KYD1741,"[""woman""]","[""cross""]","[""religious style"", ""Orthodox""]","[""red background"", ""green floral patterns""]","[""long red hair"", ""green tunic"", ""red cloak"", ""golden halo""]","[""text at the top"", ""text at the bottom"", ""watermark at the bottom right""]","[""visible cracks"", ""damage on face"", ""damage on hands""]"
KYD1742,"[""Saint George""]","[""white horse"", ""golden bridle"", ""red saddle"", ""lance""]","[""painted icon""]","[""dark ground"", ""dark blue""]","[""red and gold robe"", ""helmet""]","[""С. ВЕ. МУ"", ""ГЕОРГІЙ"", ""ЕТНОГРАФІЧНА КОЛЕКЦІЯ КРОВЕЦЬ""]","[""visible signs of age and wear""]"
KYD1743,"[""crowned woman"", ""figure in brown robe"", ""figure in dark robe""]","[""chalice"", ""book""]","[""damaged wooden icon""]","[""dark background"", ""green and white markings""]","[""dark robe with floral pattern"", ""brown robe"", ""dark robe""]","[""text in upper left corner""]","[""peeling paint"", ""visible wood grain"", ""significant wear and tear""]"
KYD1744,"[""woman""]","[""chalice"", ""staff""]","[""icon""]","[""dark blue""]","[""red and gold robe""]","[""Barbara""]","[""cracks"", ""peeling paint"", ""missing paint"", ""visible cracks""]"
KYD1745,"[""figure in armor and a helmet""]","[""staff"", ""shield""]","[""painted wooden panel""]","[""dark and textured"", ""visible wood grain"", ""cracks""]","[""armor"", ""helmet""]",[],"[""signs of age"", ""wear""]"
KYD1746,"[""man"", ""woman""]","[""small object"", ""cross"", ""book""]","[""religious icon""]","[""dark"", ""cracked""]","[""red robe"", ""green cloak"", ""green dress""]","[""illegible text""]","[""cracks"", ""peeling paint""]"
KYD1747,"[""Virgin Mary"", ""infant Jesus"", ""Saint Joseph""]","[""wooden frame"", ""painted floral motifs"", ""painted fruit motifs""]","[""traditional Orthodox style"", ""Holy Family""]","[""dark brown""]",[],"[""КРОВЕЦ"", ""krovets.com.ua""]","[""cracks"", ""chipped paint"", ""signs of age and wear""]"
KYD1748,"[""man with a beard and blue eyes""]","[""dark object"", ""staff""]","[""painted wooden icon""]","[""weathered wooden surface""]","[""black hood"", ""white robe""]","[""ЕТНОГРАФІЧНА КОЛЕКЦІЯ КРОВЕЦЬ kroves.com.ua""]","[""visible cracks"", ""peeling paint"", ""rust spots""]"
KYD1749,"[""bearded man"", ""Virgin Mary"", ""infant Jesus"", ""woman""]","[""book""]","[""religious painting""]","[""dark with floral patterns""]","[""red and gold robe"", ""mitre"", ""red robes with gold trim"", ""halos"", ""red and blue robe"", ""crown"", ""cross""]",[],"[""visible cracks"", ""damage""]"
KYD1750,"[""sleeping infant"", ""man"", ""several women""]","[""book"", ""crown"", ""chalices""]","[""religious fresco"", ""infant in a manger""]","[""dark"", ""religious symbols""]","[""red and black robe""]",[],"[""heavily cracked"", ""worn""]"
KYD1751,"[""Virgin Mary"", ""infant Jesus""]",[],"[""painting""]","[""textured, brownish surface""]","[""red and green head covering"", ""brown robe"", ""white tunic"", ""green cloak""]",[],"[""cracks"", ""discoloration""]"
KYD1752,"[""figure in blue robe""]","[""crucifix"", ""halo""]","[""icon""]","[""gold background"", ""green decorative elements"", ""red decorative elements""]","[""blue robe with gold trim""]","[""Ιησούς"", ""Χριστός"", ""ОБЕРЯЗЕВ"", ""ЭКТЫРСКИЙ""]","[""visible cracks"", ""paint loss""]"
KYD1753,"[""Virgin Mary"", ""two cherubs"", ""figure with sword and scales"", ""bishop"", ""man"", ""two children"", ""another child""]","[""tree"", ""crown"", ""sword"", ""scales"", ""fire"", ""staff""]","[""religious painting""]","[""landscape"", ""trees"", ""distant horizon""]","[""golden robes"", ""staff""]",[],"[""visible damage"", ""faded colors""]"
KYD1754,"[""woman"", ""child""]","[""large red flowers with white centers"", ""dark leaves""]","[""Madonna and Child""]","[""light blue background""]","[""red garment with dark patterned border"", ""white dress with red collar""]",[],"[""visible cracks"", ""damage on red flowers"", ""damage on woman's face""]"
KYD1755,"[""young man""]","[""cigarette"", ""dark bottle"", ""small cup"", ""book""]","[""portrait""]","[""pastoral scene"", ""river"", ""trees"", ""house"", ""several horses""]","[""dark suit"", ""white embroidered shirt"", ""watch""]","[""ЕТНОГРАФІЧНА КОЛЕКЦІЯ КРОВЕЦЬ""]","[""cracks"", ""peeling paint""]"
KYD1756,"[""young woman""]","[""small bouquet of flowers"", ""table"", ""vase of flowers""]","[""portrait"", ""garden""]","[""river"", ""trees"", ""house""]","[""blue dress"", ""floral embroidery on the sleeves"", ""dark vest"", ""multi-strand necklace""]","[""ЕТНОГРАФІЧНА КОЛЕКЦІЯ КРОВЕЦЬ""]","[""visible signs of age"", ""damage""]"
KYD1757,"[""man on white horse"", ""man in dark uniform"", ""two women"", ""man in brown vest"", ""woman holding bucket"", ""dog"", ""several white geese""]","[""wooden well"", ""bucket"", ""two cows"", ""house"", ""trees"", ""cloudy sky""]","[""rural scene"", ""painting""]","[""rural scene"", ""landscape"", ""trees"", ""house"", ""cloudy sky""]","[""white horse"", ""dark uniform"", ""brown vest"", ""light-colored pants""]","[""watermark in the bottom right corner""]","[""visible damage""]"
KYD1758,"[""woman""]","[""trees"", ""small house"", ""well""]","[""portrait""]","[""rural landscape""]","[""traditional attire"", ""black vest"", ""white blouse"", ""red and black floral embroidery"", ""necklace"", ""gold cross"", ""circular beads""]","[""ЕТНОГРАФІЧНА КОЛЕКЦІЯ КРОВЕЦЬ""]","[""visible cracks"", ""wear"", ""signs of age""]"
KYD1759,"[""man with a mustache""]","[""small house"", ""trees""]","[""painted portrait""]","[""green leafy background""]","[""dark jacket"", ""white shirt with a red and black floral pattern""]","[""ЕТНОГРАФІЧНА КОЛЕКЦІЯ КРОВЕЦЬ""]","[""visible cracks"", ""damage on the jacket""]"
KYD1760,"[""man""]","[""field"", ""small house"", ""windmill"", ""trees""]","[""portrait""]","[""rural landscape""]","[""dark coat"", ""white shirt with floral pattern""]","[""ЕТНОГРАФИЧНА КОЛЕКЦІЯ КРОВЕЦЬ""]","[""visible cracks"", ""damage""]"
KYD1761,"[""woman""]",[],"[""portrait""]","[""dark"", ""textured""]","[""black jacket"", ""blue garment"", ""red necklace"", ""gold earring""]","[""ЕТНОГРАФІЧНА КОЛЕКЦІЯ КРОВЕЦЬ""]","[""visible cracks"", ""damage""]"
KYD1762,"[""man""]","[""canvas""]","[""portrait""]","[""dark and textured""]","[""dark suit"", ""red bow tie"", ""white shirt with floral pattern""]","[""ЕТНОГРАФІЧНА КОЛЕКЦІЯ КРОВЕЦЬ""]","[""visible signs of age and wear""]"
KYD1763,"[""woman""]","[""tree"", ""small house""]","[""portrait"", ""oil on canvas""]","[""rural landscape"", ""green fields"", ""cloudy sky""]","[""traditional attire"", ""red headscarf"", ""blue dress"", ""white sleeves"", ""red embroidery"", ""silver cross necklace""]","[""ЕТНОГРАФИЧНА КОЛЕКЦІЯ КРОВЕЦЬ""]",[]
KYD1764,"[""woman""]","[""wooden fence""]","[""portrait"", ""oil on canvas""]","[""green fields"", ""body of water"", ""distant hills"", ""blue sky"", ""clouds""]","[""traditional folk attire"", ""dark dress"", ""white embroidered sleeves"", ""red beaded necklace"", ""floral wreath""]","[""ЕТНОГРАФІЧНА КОЛЕКЦІЯ КРОВЕЦЬ""]",[]
KYD1765,"[""young woman""]","[""house"", ""trees"", ""river""]","[""portrait"", ""oil on canvas""]","[""rural landscape""]","[""traditional folk attire"", ""floral wreath"", ""dark vest"", ""white blouse with embroidery"", ""multiple necklaces""]","[""ЕТНОГРАФІЧНА КОЛЕКЦІЯ КРОВЕЦЬ""]",[]
KYD1766,"[""woman""]","[""hollyhock plant"", ""small house""]","[""outdoor setting"", ""portrait""]","[""garden"", ""trees"", ""blue sky""]","[""traditional folk attire"", ""red headband"", ""red vest"", ""white blouse"", ""floral embroidery"", ""multiple necklaces""]","[""ЕТНОГРАФІЧНА КОЛЕКЦІЯ КРОВЕЦЬ""]",[]
KYD1767,"[""woman""]",[],"[""portrait"", ""oil on canvas""]","[""rural landscape"", ""green fields"", ""trees"", ""small house""]","[""traditional folk attire"", ""floral wreath"", ""red scarf"", ""patterned vest"", ""white blouse""]","[""ЕТНОГРАФІЧНА КОЛЕКЦІЯ КРОВЕЦЬ""]",[]
KYD1768,"[""man"", ""woman""]","[""white buckets"", ""church"", ""small blue and white house"", ""wooden fence"", ""trees""]","[""painting""]","[""rural setting"", ""church with two red domes and golden crosses"", ""small blue and white house"", ""wooden fence"", ""trees"", ""blue sky""]","[""straw hat"", ""white shirt"", ""blue trousers"", ""red and gold sash"", ""blue dress"", ""red and white embroidery"", ""floral headband"", ""brown skirt""]","[""КРОВЕЦЬ"", ""ЕТНОГРАФІЧНА КОЛЕКЦІЯ""]","[""visible signs of age and wear""]"
KYD1769,"[""woman""]","[""wooden bucket"", ""fence""]","[""painting"", ""rural landscape""]","[""river"", ""houses""]","[""traditional folk attire"", ""white blouse with embroidery"", ""dark vest"", ""colorful striped shawl""]","[""ЕТНОГРАФІЧНА КОЛЕКЦІЯ КРОВЕЦЬ""]","[""visible brushstrokes"", ""some damage""]"
KYD1770,"[""woman""]",[],"[""portrait""]","[""dark textured background""]","[""dark dress"", ""pink scarf"", ""cross necklace"", ""small earring""]","[""ЕТНОГРАФІЧНА КОЛЕКЦІЯ КРОВЕЦЬ""]",[]
KYD1771,"[""woman""]","[""wooden bench""]","[""painting"", ""rural landscape""]","[""green field"", ""river"", ""windmills"", ""cloudy sky""]","[""traditional folk attire"", ""floral headdress"", ""dark vest"", ""white embroidered blouse"", ""patterned skirt"", ""multiple necklaces"", ""cross""]","[""ЕТНОГРАФІЧНА КОЛЕКЦІЯ КРОВЕЦЬ""]","[""visible cracks"", ""paint loss"", ""face"", ""hands""]"
KYD1772,"[""man"", ""woman"", ""man""]","[""white horse"", ""white house"", ""church"", ""trees"", ""saddle""]","[""painting"", ""canvas""]","[""rural setting"", ""white house"", ""church"", ""trees""]","[""traditional attire"", ""blue and white embroidered dress"", ""red headband"", ""dark red uniform"", ""black hat""]","[""Cyrillic script""]",[]
KYD1773,"[""woman""]","[""wooden bench"", ""small house"", ""river""]","[""painting""]","[""green field"", ""blue sky with clouds""]","[""floral crown"", ""white blouse with red embroidery"", ""brown vest"", ""blue skirt""]","[""ЕТНОГРАФІЧНА КОЛЕКЦІЯ КРОВЕЦЬ""]","[""visible texture"", ""some damage""]"
KYD1774,"[""woman""]","[""small house"", ""river"", ""greenery"", ""wooden fence"", ""red roses""]","[""painted portrait""]","[""rural landscape""]","[""white blouse with red embroidery"", ""red headband"", ""red necklace""]","[""ЕТНОГРАФИЧНА КОЛЕКЦІЯ КРОВЕЦЬ""]","[""visible texture"", ""some wear""]"
KYD1775,"[""woman""]","[""wooden bench"", ""stalk of wheat""]","[""painting""]","[""lush green landscape"", ""trees"", ""small house"", ""cloudy sky""]","[""traditional folk attire"", ""red headscarf"", ""orange and white embroidered vest"", ""red skirt""]","[""ЕТНОГРАФІЧНА КОЛЕКЦІЯ КРОВЕЦЬ""]","[""visible brushstrokes"", ""signs of age and wear""]"
KYD1776,"[""woman""]","[""small object"", ""two buckets""]","[""painting""]","[""tree"", ""body of water"", ""landscape"", ""trees"", ""water""]","[""traditional folk attire"", ""red headpiece"", ""red and black embroidered vest"", ""white blouse"", ""red boots""]","[""ЕТНОГРАФІЧНА КОЛЕКЦІЯ КРОВЕЦЬ""]","[""signs of age"", ""wear""]"
KYD1777,"[""young woman""]","[""house"", ""trees"", ""river"", ""wooden surface""]","[""painting""]","[""rural landscape""]","[""traditional folk attire"", ""blue vest"", ""white blouse with red embroidery"", ""red sash"", ""crown of daisies"", ""long braid""]","[""ЕТНОГРАФІЧНА КОЛЕКЦІЯ КРОВЕЦЬ""]",[]
KYD1778,"[""woman""]","[""wooden bench"", ""red cloth"", ""flowering plant"", ""wooden bucket""]","[""rural setting"", ""garden""]","[""house"", ""trees"", ""body of water"", ""blue sky with clouds""]","[""white blouse with floral embroidery"", ""black vest"", ""red skirt""]","[""ЕТНОГРАФИЧНА КОЛЕКЦІЯ КРОВЕЦЬ""]",[]
KYD1779,"[""woman""]","[""wooden water bucket"", ""wooden water wheel""]","[""portrait""]","[""rural landscape"", ""river"", ""house"", ""lush green environment"", ""sunflowers"", ""dirt path""]","[""traditional folk attire"", ""dark vest"", ""white embroidered blouse"", ""blue skirt"", ""multi-strand beaded necklace""]","[""КРОВЕЦЬ""]",[]
KYD1780,"[""woman""]","[""red ribbon"", ""cloth""]","[""outdoor scene""]","[""trees"", ""building""]","[""traditional attire"", ""red headscarf"", ""green vest"", ""patterned blouse"", ""red beaded necklaces"", ""cross pendant""]","[""ЕТНОГРАФІЧНА КОЛЕКЦІЯ КРОВЕЦЬ""]",[]
KYD1781,"[""young woman""]","[""cross""]","[""portrait"", ""painting on canvas""]","[""field"", ""green and yellow grass"", ""blue sky"", ""white clouds""]","[""floral crown"", ""white embroidered blouse"", ""red beaded necklace""]","[""ЕТНОГРАФИЧНА КОЛЕКЦІЯ КРОВЕЦЬ""]",[]
KYD1782,"[""woman""]","[""red ribbon""]","[""portrait""]","[""faded textured green and yellow""]","[""floral wreath"", ""red and white embroidered blouse"", ""brown vest"", ""red necklace with white circular pendants"", ""long braid""]","[""ЕТНОГРАФІЧНА КОЛЕКЦІЯ КРОВЕЦЬ""]","[""cracks"", ""discoloration"", ""visible signs of aging""]"
KYD1783,"[""young man""]","[""wooden log"", ""house"", ""trees"", ""path""]","[""portrait""]","[""rural landscape""]","[""dark coat"", ""cap""]","[""ЕТНОГРАФИЧНА КОЛЕГІЯ КРОВЕЦЬ""]","[""visible brushstrokes"", ""wear""]"
KYD1784,"[""young woman""]","[""small bouquet of red flowers"", ""small house"", ""path"", ""pond"", ""swans"", ""trees""]","[""portrait""]","[""rural landscape""]","[""dark blue and white blouse"", ""red floral embroidery"", ""red apron"", ""red ribbon at the neck""]","[""ЕТНОГРАФИЧНА КОЛЕКЦІЯ КРОВЕЦЬ""]","[""signs of age"", ""wear""]"
KYD1785,"[""man"", ""woman""]","[""bouquet of roses"", ""sliced watermelon"", ""bunch of grapes"", ""potted plant with white flowers"", ""bowl of apples""]","[""painted portrait"", ""seated at a table""]","[""birch tree""]","[""dark head covering"", ""white blouse with red floral embroidery"", ""dark suit"", ""tie""]",[],[]
KYD1786,"[""woman""]","[""flute"", ""white swan""]","[""painting""]","[""grassy bank"", ""water"", ""trees"", ""flowers""]","[""red dress"", ""straw hat""]","[""ЕТНОГРАФИЧНА КОЛЕКЦІЯ КРОВЕЦЬ""]","[""signs of age"", ""damage""]"
KYD1787,"[""man"", ""man"", ""woman""]","[""horse"", ""sword"", ""tree""]","[""painted wooden panel""]","[""buildings"", ""church"", ""tree""]","[""traditional folk attire"", ""red uniform"", ""black hat"", ""patterned dress"", ""black head covering""]","[""ЕТНОГРАФІЧНА КОЛЕКЦІЯ КРОВЕЦЬ""]","[""visible wood grain"", ""some damage""]"
KYD1788,"[""man"", ""woman"", ""several people""]","[""horse"", ""river"", ""houses"", ""trees"", ""church"", ""birds""]","[""rural village scene"", ""painting""]","[""dirt path"", ""river"", ""houses"", ""trees"", ""church"", ""blue sky"", ""white clouds""]","[""dark coat"", ""tall hat"", ""white dress"", ""red shawl""]","[""ЕТНОГРАФІЧНА КОЛЕКЦІЯ КРОВЕЦЬ""]","[""visible damage""]"
KYD1789,"[""woman"", ""young girl"", ""young boy""]","[""floral wreath"", ""tree stump"", ""large pumpkin""]","[""rural setting"", ""garden""]","[""thatched-roof house"", ""wicker fence"", ""green foliage""]","[""blue headscarf"", ""white blouse with red embroidery"", ""red skirt"", ""light-colored shirt"", ""trousers""]","[""ЕТНОГРАФІЧНА КОЛЕКЦІЯ КРОВЕЦЬ""]",[]
KYD1790,[],"[""embroidered floral arrangement"", ""vase""]",[],"[""dark fabric""]",[],"[""КОГРАФИЧНА КОЛЕКЦИЯ КРОВЕЦ""]","[""visible wear and tear""]"
KYD1791,"[""woman""]",[],"[""portrait"", ""painting on canvas""]","[""dark textured background""]","[""floral crown"", ""white embroidered blouse"", ""red and blue striped veil"", ""red beaded necklaces""]","[""ЕТНОГРАФІЧНА КОЛЕКЦІЯ КРОВЕЦЬ""]","[""signs of age"", ""wear""]"
KYD1792,"[""bald man"", ""two women"", ""child""]","[""oval frame"", ""decorative wreath"", ""green leaves"", ""flowers"", ""red roses"", ""white blossoms"", ""bundles of grain""]","[""painted portrait""]","[""yellow background""]","[""dark coat"", ""red tie"", ""traditional clothing""]","[""1814"", ""1861"", ""Шевченко"", ""ЕТНОГРАФІЧНА КОЛЕКЦІЯ КРОВЕЦЬ""]","[""signs of age"", ""wear""]"
KYD1793,"[""man"", ""young girl""]","[""bucket"", ""small object""]","[""painted scene"", ""rural landscape""]","[""tree"", ""stream"", ""small house""]","[""traditional folk attire"", ""white shirt"", ""red neckerchief"", ""blue bodice"", ""red embroidery"", ""white apron"", ""red skirt"", ""red boots""]","[""ЕТНОГРАФІЧНА КОЛЕКЦІЯ КРОВЕЦЬ"", ""ВІДА КРИНЦІ""]","[""visible signs of age and wear""]"
KYD1794,"[""woman""]","[""metal bucket"", ""wooden well"", ""wooden fence""]","[""painting""]","[""dirt path"", ""lake"", ""trees"", ""house with a thatched roof"", ""other houses on a hill"", ""light blue and white sky""]","[""traditional folk attire""]","[""ЕТНОГРАФИЧНА КОЛЕКЦІЯ КРОВЕЦЬ""]","[""visible cracks"", ""wear""]"
KYD1795,"[""man on a white horse"", ""three people""]","[""white horse"", ""wooden cart"", ""cow"", ""calf""]","[""rural scene"", ""painting""]","[""field"", ""trees"", ""distant house"", ""cloudy sky"", ""dirt road""]","[""traditional folk clothing""]","[""ЕТНОГРАФІЧНА КОЛЕКЦІЯ КРОВЕЦЬ""]",[]
KYD1796,"[""woman""]","[""dirt path"", ""stream"", ""houses"", ""thatched roofs"", ""trees"", ""blossoms"", ""wooden fence"", ""canvas""]","[""painting""]","[""rural landscape"", ""light blue sky"", ""clouds""]","[""traditional attire""]","[""ЕТНОГРАФІЧНА КОЛЕКЦІЯ КРОВЕЦЬ""]",[]
KYD1797,[],"[""birds"", ""swans"", ""reeds"", ""trees"", ""bushes"", ""water"", ""canvas""]","[""natural landscape"", ""dusk"", ""painting""]","[""sky"", ""horizon"", ""lush green trees"", ""bushes"", ""water"", ""reeds""]",[],"[""ЕТНОГРАФІЧНА КОЛЕКЦІЯ КРОВЕЦЬ""]",[]
KYD1798,"[""man"", ""horse"", ""bird""]","[""black horse"", ""blue and red saddle blanket"", ""black bird"", ""rock""]","[""natural landscape"", ""painting""]","[""grass"", ""rocks"", ""flowers"", ""light blue sky"", ""clouds""]","[""red coat"", ""blue pants"", ""saddled""]","[""ЕТНОГРАФІЧНА КОЛЕКЦІЯ КРОВЕЦЬ"", ""ОН. НАГОРІ ОБОНЬ ГОРНІТН."", ""1946 року""]","[""visible signs of age and wear""]"
KYD1799,"[""man""]",[],"[""painted portrait""]","[""light blue-grey""]","[""black fur hat"", ""dark coat"", ""green shirt""]","[""ЕТНОГРАФІЧНА КОЛЕКЦІЯ КРОВЕЦЬ""]","[""signs of age"", ""wear""]"
KYD1800,"[""man with a mustache""]","[""logo""]","[""painted portrait""]","[""light blue and yellow gradient""]","[""tall, dark, fur-lined hat"", ""dark, textured coat"", ""colorful, geometric embroidered tie""]","[""ЕТНОГРАФІЧНА КОЛЕКЦІЯ КРОВЕЦЬ""]","[""signs of age and wear""]"
KYD1801,"[""man""]",[],"[""painted portrait""]","[""light blue oval"", ""yellowish-green landscape""]","[""high, dark, fur-lined hat"", ""dark, fur-trimmed coat"", ""red and blue patterned neckerchief""]","[""ЕТНОГРАФИЧНА КОЛЕКЦІЯ КРОВЕЦЬ""]","[""visible cracks"", ""damage""]"
KYD1802,"[""woman in a white dress"", ""couple"", ""woman with a child"", ""man with a musical instrument"", ""figure lying on the ground""]","[""musical instrument"", ""houses"", ""trees"", ""windmill""]","[""folk tale"", ""scenes from a folk tale""]","[""countryside environment"", ""rural settings""]","[""white dress""]","[""КРОВЕЦЬ"", ""КАТЕРИНА"", ""ЕТНОГРАФІЧНА КОЛЕКЦІЯ""]","[""visible paint wear"", ""cracks""]"
KYD1803,"[""man with a bald head and a long dark beard""]","[""lute"", ""pipe"", ""horse with a red saddle"", ""red hat"", ""bottle with a glass"", ""two swords"", ""bow"", ""pair of boots"", ""tree""]","[""painting""]","[""dark sky with clouds""]","[""blue robe"", ""brown jacket""]","[""ЕТНОГРАФІЧНА КОЛЕКЦІЯ КРОВЕЦЬ""]",[]
KYD1804,"[""man with a mustache""]","[""lute"", ""horse"", ""bottle"", ""sword""]","[""painting""]","[""grass"", ""cloudy sky"", ""rural setting""]","[""red vest"", ""blue pants""]","[""text in the upper right corner"", ""text at the bottom of the image""]",[]
KYD1805,"[""man in dark suit"", ""soldiers in blue uniforms"", ""soldier in green and yellow uniform""]","[""river"", ""boats"", ""swans"", ""blue and white striped pole"", ""sign""]","[""painted historical scene""]","[""river"", ""boats"", ""swans"", ""people in traditional clothing""]","[""dark suit"", ""blue uniforms"", ""white plumes"", ""green and yellow uniform"", ""traditional clothing""]","[""АРХИВ"", ""ЕТНОГРАФІЧНА КОЛЕКЦІЯ КРОВЕЦЬ""]","[""signs of age"", ""damage""]"
KYD1806,"[""man""]","[""rifle"", ""sword""]","[""portrait""]","[""field"", ""hills"", ""cloudy sky""]","[""traditional attire"", ""green tunic"", ""red trim"", ""red and green hat"", ""brown boots""]","[""ЕТНОГРАФІЧНА КОЛЕКЦІЯ КРОВЕЦЬ""]","[""signs of age"", ""wear""]"
KYD1807,"[""man"", ""woman""]","[""boat"", ""red umbrella"", ""flowers""]","[""painting"", ""rowing""]","[""river"", ""lush green trees"", ""foliage"", ""blue sky"", ""pink and orange hues""]","[""brown coat"", ""green dress""]","[""ЕТНОГРАФІЧНА КОЛЕКЦІЯ КРОВЕЦЬ""]","[""visible damage""]"
KYD1808,"[""woman""]","[""house"", ""thatched roof"", ""path"", ""dock"", ""trees"", ""flowering plants""]","[""painting""]","[""rural landscape"", ""lake"", ""grassy hill"", ""sky""]","[""traditional attire""]","[""ЕТНОГРАФІЧНА КОЛЕКЦІЯ КРОВЕЦЬ""]","[""visible cracks"", ""wear""]"
KYD1809,"[""two figures"", ""woman"", ""person lying down"", ""person kneeling""]","[""small boat"", ""stick"", ""house"", ""brown roof"", ""wooden fence"", ""trees"", ""logo""]","[""painted wooden panel"", ""nighttime scene by a river""]","[""nighttime scene"", ""river"", ""dark blue sky"", ""wooden panel""]","[""red skirt"", ""white blouse""]","[""ЕТНОГРАФІЧНА КОЛЕКЦІЯ КРОВЕЦЬ""]","[""visible cracks"", ""wear on the wood""]"
KYD1810,"[""man""]","[""long staff"", ""rifle"", ""pouch""]","[""painting""]","[""wooded area"", ""trees"", ""distant landscape""]","[""traditional attire"", ""red hat"", ""red cloak"", ""white shirt"", ""blue trousers"", ""brown boots""]","[""ЕТНОГРАФІЧНА КОЛЕКЦІЯ КРОВЕЦЬ""]",[]
KYD1811,"[""balding man with a mustache""]","[""green laurel wreath"", ""white ribbon""]","[""painted portrait""]","[""blue background""]","[""dark coat"", ""red vest"", ""white shirt""]","[""СХХV"", ""Т.Г. ШЕВЧЕНКО"", ""1844"", ""1939"", ""ЕТНОГРАФИЧНА КОЛЛЕКЦІЯ КРОВЕЦЬ""]","[""visible cracks"", ""wear""]"
KYD1812,"[""man with a mustache""]","[""floral border""]","[""painted portrait""]","[""green background"", ""light blue background""]","[""dark coat"", ""blue tie""]","[""Тарас Шевченко (1814-1861) р."", ""ЕТНОГРАФІЧНА КОЛЕКЦІЯ КРОВЕЦЬ""]","[""visible signs of wear and tear""]"
KYD1813,"[""man with a mustache and blue eyes""]","[""floral border""]","[""painted portrait""]","[""green background""]","[""black jacket"", ""patterned shirt""]","[""Іван Франко (1856-1916)"", ""ЕТНОГРАФІЧНА КОЛЕКЦІЯ КРОВЕЦЬ""]","[""visible texture"", ""some wear""]"
KYD1814,"[""man""]",[],"[""painted portrait"", ""oval-shaped""]","[""dark background""]","[""traditional attire"", ""red sash"", ""patterned vest"", ""white shirt""]","[""СІЧВ КРАСНОСТАВІЯХ"", ""ЕТНОГРАФІЧНА КОЛЕКЦІЯ КРОВЕЦЬ""]","[""visible cracks"", ""damage on the surface"", ""signs of age and wear""]"
KYD1815,"[""woman""]","[""oval-shaped portrait"", ""dark brown frame""]","[""portrait""]","[""dark"", ""textured""]","[""traditional attire"", ""red headscarf"", ""floral patterns"", ""white blouse"", ""intricate red and black embroidery"", ""beaded necklace"", ""gold hoop earrings""]","[""ЕТНОГРАФИЧНА КОЛЕКЦІЯ КРОВЕЦЬ""]","[""visible signs of aging"", ""cracks"", ""paint loss""]"
KYD1816,[],"[""rooster"", ""floral wreath""]","[""painted artwork""]","[""light, off-white canvas""]",[],"[""КРОВЕЦЬ"", ""ЕТНОГРАФІЧНА КОЛЕКЦІЯ""]",[]
KYD1817,"[""man"", ""woman""]","[""wooden stump"", ""white picket fence"", ""small house with brown roof"", ""trees"", ""church with green domes""]","[""rural scene""]","[""wooden surface"", ""white picket fence"", ""small house with brown roof"", ""trees"", ""church with green domes""]","[""straw hat"", ""white shirt"", ""brown jacket"", ""blue trousers"", ""yellow boots"", ""white blouse with red trim"", ""red vest"", ""black skirt"", ""floral headpiece""]","[""ЕТНОГРАФІЧНА КОЛЕКЦІЯ КРОВЕЦЬ""]","[""visible cracks"", ""paint wear""]"
KYD1818,"[""man with a beard"", ""man with a dark hat""]","[""large stringed instrument"", ""birds""]","[""painting"", ""river scene""]","[""river"", ""trees"", ""weeping willow"", ""distant hills""]","[""white shirt"", ""red cloak""]","[""ЕТНОГРАФИЧНА КОЛЕКЦІЯ КРОВЕЛЬ""]","[""visible cracks"", ""damage""]"
KYD1819,"[""man with a bald head, a mustache, and blue eyes""]",[],"[""painted portrait""]","[""dark brown, textured surface, possibly wood""]","[""dark coat"", ""blue and orange garment""]","[""ЕТНОГРАФІЧНА КОЛЕКЦІЯ КРОВЕЦЬ krovets.com.ua""]","[""cracks"", ""paint damage""]"
KYD1820,"[""bald man with a prominent mustache""]","[""weathered brown wooden frame""]","[""bust-length view"", ""painted portrait""]","[""plain light grey background""]","[""dark coat"", ""red and white striped tie""]","[""ЕТНОГРАФІЧНА КОЛЕКЦІЯ КРОВЕЦЬ""]","[""visible cracks"", ""paint damage"", ""signs of age and wear""]"
KYD1822,"[""man""]","[""painted portrait""]","[""painted portrait""]","[""dark and textured""]","[""light-colored jacket"", ""shirt with red and white patterned collar""]","[""ЕТНОГРАФІЧНА КОЛЕКЦІЯ КРОВЕЦЬ""]",[]
KYD1823,"[""woman""]","[""canvas""]","[""painted portrait""]","[""dark blue curtain""]","[""black vest"", ""floral embroidery on the sleeves"", ""high, multi-strand beaded necklace"", ""earrings""]","[""ЕТНОГРАФІЧНА КОЛЕКЦІЯ КРОВЕЦЬ""]","[""signs of age and wear""]"
KYD1824,"[""man"", ""woman""]",[],"[""portrait""]","[""plain textured gray""]","[""dark jacket"", ""light-colored shirt"", ""decorative tie"", ""traditional colorful embroidered blouse"", ""dark vest""]","[""ЕТНОГРАФІЧНА КОЛЕКЦІЯ КРОВЕЦЬ"", ""В. Буряк 55""]","[""peeling paint"", ""cracks""]"
KYD1825,"[""two figures""]","[""small boat""]","[""river scene"", ""painting""]","[""trees"", ""foliage"", ""river"", ""sky"", ""weathered wooden surface""]",[],"[""Пруд в Яновщині."", ""ЕТНОГРАФІЧНА КОЛЕКЦІЯ КРОВЕЦ""]","[""signs of age"", ""wear""]"
KYD1826,"[""figure on the right""]","[""buckets""]","[""rural village scene"", ""painting""]","[""trees"", ""greenery"", ""sky"", ""blue"", ""yellow""]",[],"[""ЕТНОГРАФІЧНА КОЛЕКЦІЯ КРОВЕЛЬ""]","[""cracks"", ""peeling paint"", ""signs of age and wear""]"
KYD1827,[],"[""birds"", ""flowers""]","[""folk art""]","[""light-colored textured background""]",[],"[""ЕТНОГРАФИЧНА КОЛЕКЦІЯ КРОВЕЦЬ""]","[""visible paint wear and tear"", ""chipping"", ""fraying""]"
KYD1828,"[""figures of saints""]","[""green domes"", ""white walls"", ""trees"", ""fence"", ""golden halos""]","[""painted illustration"", ""Russian Orthodox monastery complex""]","[""light blue sky""]",[],"[""text in Cyrillic script"", ""КРОВЕЦ (Krovets)""]","[""signs of age and wear""]"
KYD1829,"[""man""]","[""large tree"", ""wooden fence""]","[""painting""]","[""grassy area"", ""green foliage""]","[""white shirt"", ""red neckerchief"", ""blue trousers"", ""dark hat""]","[""ЕТНОГРАФІЧНА КОЛЕКЦІЯ КРОВЕЦЬ""]","[""visible brushstrokes"", ""cracking on the surface""]"
KYD1830,[],"[""houses"", ""bridge"", ""swans"", ""windmill"", ""church"", ""trees"", ""birch tree""]","[""painted landscape"", ""village""]","[""river"", ""hillside"", ""sky""]",[],"[""ЕТНОГРАФИЧНА КОЛЕКЦІЯ КРОВЕЦЬ""]","[""signs of age"", ""wear""]"
KYD1831,[],"[""reeds"", ""trees"", ""wooden surface""]","[""serene landscape""]","[""pale blue sky"", ""grassy bank"", ""calm body of water""]",[],"[""ЕТНОГРАФИЧНА КОЛЕКЦІЯ КРОВЕЦЬ"", ""М. БІЛ""]","[""hole in the upper center""]"
KYD1832,"[""A person""]","[""staff"", ""pond"", ""ducks"", ""dirt path"", ""thatched-roof houses"", ""trees"", ""large birch""]","[""painting"", ""rural landscape"", ""dusk""]","[""green fields"", ""village"", ""sky"", ""orange and yellow sky"", ""birds flying""]","[""dark coat""]","[""ЕТНОГРАФІЧНА КОЛЕКЦІЯ КРОВЕЦЬ""]","[""signs of age and wear""]"
KYD1833,"[""man"", ""woman"", ""woman""]","[""small house"", ""yellow roof"", ""red shutters"", ""lush green trees"", ""river"", ""small boat"", ""wooden fence"", ""birds""]","[""painted landscape"", ""rural scene"", ""folk art style""]","[""hillside"", ""sky"", ""pink and blue sky""]","[""red hat"", ""red dress"", ""red and white dress""]","[""ЕТНОГРАФІЧНА КОЛЕКЦІЯ КРОВЕЦЬ""]",[]
KYD1834,"[""person in a boat"", ""person walks along the bank""]","[""boat"", ""houses with thatched roofs""]","[""painting"", ""wood""]","[""nighttime scene by a river"", ""dark sky"", ""bright moon"", ""water reflects moonlight"", ""lights from houses""]",[],"[""ЕТНОГРАФІЧНА КОЛЕКЦІЯ КРОВЕЦЬ""]",[]
KYD1835,"[""person""]","[""house"", ""thatched roof"", ""trees"", ""foliage"", ""moon"", ""clouds"", ""body of water"", ""path of light""]","[""painting""]","[""moonlit landscape"", ""sky"", ""water"", ""trees"", ""foliage""]",[],"[""ЕТНОГРАФІЧНА КОМЕРЦІЯ КРОВЕЦЬ""]","[""signs of age"", ""damage""]"
KYD1836,[],"[""birch tree"", ""wooden boat"", ""small house"", ""distant mountains"", ""trees"", ""grass"", ""clouds""]","[""painted landscape"", ""landscape style""]","[""night scene"", ""large moon"", ""calm blue lake"", ""shoreline"", ""distant mountains"", ""clouds""]",[],"[""ЕТНОГРАФІЧНА КОЛЕКЦІЯ КРОВЕЦЬ""]",[]
KYD1837,"[""man with a mustache""]","[""large, round, wooden stringed instrument""]","[""landscape setting""]","[""wide river"", ""green hills"", ""small white building with green roofs"", ""overcast sky"", ""green bushes"", ""wildflowers""]","[""dark, fur-covered hat"", ""white shirt"", ""blue trousers"", ""dark cloak""]","[""ЕТНОГРАФИЧНА КОЛЕКЦІЯ КРОВЕЦЬ""]",[]
KYD1838,"[""woman in white shirt and red skirt"", ""older man with white beard"", ""woman in dark vest and white blouse"", ""man in brown coat"", ""woman in green dress""]","[""watermelons"", ""basket"", ""hay bale"", ""wooden fence"", ""houses"", ""sunflowers""]","[""rural scene"", ""painting""]","[""field"", ""wooden fence"", ""houses in distance"", ""sunflowers""]","[""white shirt"", ""red skirt"", ""white beard"", ""dark vest"", ""white blouse"", ""brown coat"", ""green dress""]","[""ЕТНОГРАФІЧНА КОЛЕКЦІЯ КРОВЕЦЬ""]","[""signs of age and wear""]"
KYD1839,"[""man""]","[""red lute""]","[""painting""]","[""dark surface"", ""textured, aged background""]","[""white shirt"", ""dark tie""]","[""ЕТНОГРАФІЧНА КОЛЕКЦІЯ КРОВЕЦЬ"", ""ХМ""]","[""visible cracks"", ""wear""]"
KYD1840,"[""man""]","[""log"", ""large, round, red string instrument""]","[""painting""]","[""landscape"", ""body of water"", ""trees"", ""distant village""]","[""traditional attire"", ""dark hat"", ""white shirt"", ""blue pants""]","[""ЕТНОГРАФИЧНА КОЛЕКЦІЯ КРОВЕЦЬ""]","[""visible texture"", ""cracks""]"
KYD1841,"[""woman"", ""deer""]","[""brown deer"", ""antlers"", ""bouquet"", ""red flowers"", ""blue ribbon""]","[""painted artwork""]","[""trees"", ""fence"", ""warm colors"", ""textured surface""]","[""red dress"", ""yellow collar"", ""floral wreath"", ""red flowers"", ""yellow apron"", ""yellow hat"", ""flowers""]","[""ЕТНОГРАФІЧНА КОЛЕКЦІЯ КРОВЕЦЬ""]","[""paint smudges"", ""damage""]"
KYD1842,"[""older man"", ""man on horse""]","[""yellow lute"", ""red horse"", ""sword"", ""trees"", ""birds"", ""flowers"", ""foliage""]","[""folk-art style painting"", ""scene in a forest""]","[""dark green background"", ""forest"", ""ground covered with flowers and foliage""]","[""white shirt"", ""blue pants"", ""yellow tunic"", ""blue hat""]","[""КРОВЕЦЬ"", ""ЕТНОГРАФІЧНА КОЛЛЕКЦІЯ""]","[""visible signs of wear and tear""]"
KYD1843,[],"[""bird"", ""flowers"", ""leaves"", ""stems""]","[""folk art painting""]","[""yellow background"", ""paper""]",[],"[""ЕТНОГРАФІЧНА КОЛЕКЦІЯ КРОВЕЦЬ""]","[""minor damage""]"
KYD1844,[],"[""peacock"", ""flowers"", ""leaves""]","[""painted folk art piece""]","[""light-colored, aged background"", ""textured, off-white surface""]",[],"[""ЕТНОГРАФІЧНА КОЛЕКЦІЯ КРОВЕЦЬ""]","[""visible creases"", ""discoloration""]"
KYD1845,"[""man in grey shirt and trousers"", ""man on horse"", ""woman in blue dress and white blouse""]","[""horse"", ""rifle"", ""rope"", ""wooden fence"", ""houses"", ""church""]","[""damaged, aged painting on wood"", ""rural scene""]","[""rural scene"", ""pale blue sky"", ""clouds"", ""thatched roofs"", ""church with domes""]","[""grey shirt"", ""trousers"", ""blue coat"", ""red hat"", ""blue dress"", ""white blouse""]","[""ЕТНОГРАФІЧНА КОЛЕКЦІЯ КРОВЕЦЬ"", ""СТАРІЙ БАТЬКО ІДЕ РЯДОМ,"", ""С. К. К.""]","[""visible cracks"", ""peeling paint""]"
KYD1846,"[""man with a mustache""]","[""canvas""]","[""portrait""]","[""dark and textured""]","[""dark jacket"", ""patterned neckerchief""]","[""J.M. 1937 р. 31ш."", ""ЕТНОГРАФИЧНА КОЛЕКЦІЯ КРОВЕЦ""]","[""white speckles""]"
KYD1847,"[""young woman""]","[""canvas""]","[""portrait""]","[""dark"", ""textured""]","[""dark hair"", ""red headscarf"", ""white blouse with red trim""]","[""ЕТНОГРАФИЧНА КОЛЕКЦИЯ КРОВЕЦЬ""]","[""chipped paint"", ""darkened background"", ""signs of age and wear""]"
KYD1848,"[""man"", ""woman""]","[""well"", ""horse"", ""stream"", ""houses"", ""trees"", ""windmill"", ""red berries"", ""wooden bucket""]","[""painted scene""]","[""houses"", ""trees"", ""windmill""]","[""traditional folk attire"", ""fur hat""]","[""ЕТНОГРАФІЧНА КОЛЕКЦІЯ КРОВЕЦЬ""]","[""visible damage""]"
KYD1849,"[""woman""]","[""table"", ""vase"", ""flowers"", ""chickens""]","[""painting""]","[""white house"", ""thatched roof"", ""field of wheat""]","[""traditional folk attire"", ""dark hair in a braid"", ""white blouse with red embroidery"", ""red skirt""]","[""ЕТНОГРАФІЧНА КОЛЕКЦІЯ КРОВЕЦЬ""]","[""visible cracks"", ""wear""]"
KYD1850,"[""several figures"", ""one person""]","[""cart""]","[""rural scene""]","[""dark, textured green""]","[""dark clothing""]","[""ЕТНОГРАФІЧНА КОЛЕКЦІЯ КРОВЕЦЬ""]","[""visible brushstrokes"", ""cracking""]"
KYD1851,"[""woman""]","[""small object""]","[""painting""]","[""rough, earthy wall"", ""dimly lit, textured interior""]","[""dark dress"", ""light-colored shawl""]","[""ЕТНОГРАФІЧНА КОЛЕКЦІЯ КРОВЕЦЬ""]","[""aged""]"
KYD1852,"[""man""]","[""canvas""]","[""portrait""]","[""textured dark weathered surface""]","[""dark jacket"", ""light-colored collared shirt""]","[""ЕТНОГРАФІЧНА КОЛЕКЦІЯ КРОВЕЦЬ""]","[""signs of age and wear""]"
KYD1853,[],"[""stream"", ""trees"", ""foliage"", ""grass"", ""reeds""]","[""forest scene""]","[""light-colored sky""]",[],"[""ЕТНОГРАФІЧНА КОЛЕКЦІЯ КРОВЕЦЬ""]","[""cracks"", ""fading""]"
KYD1854,[],"[""small house"", ""thatched roof"", ""stream"", ""trees"", ""grass"", ""wildflowers""]","[""vertical painting"", ""landscape""]","[""lush green landscape"", ""forested area"", ""sky"", ""fluffy clouds""]",[],"[""ЕТНОГРАФІЧНА КОЛЕКЦІЯ КРОВЕЦЬ""]","[""visible cracks"", ""damage on surface""]"
KYD1855,"[""older man"", ""woman"", ""man""]","[""large, round-necked string instrument"", ""wooden fence"", ""building"", ""trees""]","[""weathered, painted artwork""]","[""simple outdoor setting""]","[""traditional attire"", ""red coat"", ""dark dress"", ""patterned head covering"", ""white shirt"", ""dark trousers""]","[""ЕТНОГРАФИЧНА КОЛЕКЦІЯ КРОВЕЦЬ""]","[""cracks"", ""tears""]"
KYD1856,"[""two figures"", ""one figure"", ""a man""]","[""staff"", ""cart"", ""two oxen""]","[""oil painting"", ""rural landscape""]","[""muddy bank"", ""river"", ""several houses"", ""red roofs"", ""trees"", ""rolling hills"", ""cloudy sky"", ""yellow light""]","[""dark vest"", ""white head covering""]","[""КРОВЕЦЬ""]",[]
KYD1857,"[""man"", ""man"", ""woman"", ""woman""]","[""pipe"", ""tree stump"", ""red object"", ""hut"", ""yellow roof""]","[""painting"", ""folk attire"", ""traditional""]","[""rural landscape"", ""field"", ""trees"", ""flowers"", ""sunset sky""]","[""brown coat"", ""red sash"", ""red and white dress"", ""floral patterns"", ""red and blue dress""]","[""ЕТНОГРАФІЧНА КОЛЕКЦІЯ КРОВЕЦЬ"", ""Приходите свататесь Мы не будем прятаться""]",[]
KYD1858,"[""couple""]","[""horse"", ""small house"", ""church"", ""large red flowers""]","[""stylized painting""]","[""blue sky""]","[""black fez"", ""light-colored jacket"", ""red dress"", ""patterned shawl""]","[""ЕТНОГРАФІЧНА КОЛЕКЦІЯ КРОВЕЦЬ""]","[""visible brushstrokes"", ""areas of damage""]"
KYD1859,"[""woman"", ""man""]","[""horse"", ""striped basket"", ""red and yellow harness""]","[""painted artwork""]","[""trees"", ""birch trees"", ""ground covered with red flowers""]","[""long dark hair"", ""red and white dress with floral patterns"", ""straw hat"", ""white shirt"", ""red scarf""]","[""ЕТНОГРАФІЧНА КОЛЕКЦІЯ КРОВЕЦЬ""]","[""visible cracks"", ""wear""]"
KYD1860,"[""man with dark hair and a mustache""]","[""small object""]","[""painted portrait""]","[""textured, dark green surface""]","[""dark robe"", ""red-orange sash""]","[""ЕТНОГРАФІЧНА КОЛЕКЦІЯ КРОВЕЦЬ 1914 р. В.А. БІЛЕНЬ г. Лубкі""]","[""weathered"", ""damaged""]"
KYD1861,"[""woman""]",[],"[""painted portrait""]","[""textured, dark green surface""]","[""white headscarf"", ""dark green garment""]","[""ЕТНОГРАФІЧНА КОЛЕКЦІЯ КРОВЕЦЬ""]","[""cracks"", ""paint peeling""]"
KYD1862,"[""couple"", ""man"", ""woman"", ""woman in traditional attire""]","[""wooden fence"", ""thatched-roof house"", ""dirt path""]","[""rural scene"", ""painting""]","[""trees"", ""flowers"", ""greenery"", ""dirt path"", ""thatched-roof house""]","[""white shirt"", ""grey hat"", ""white dress"", ""colorful checkered skirt"", ""blue top"", ""traditional attire""]","[""ЕТНОГРАФІЧНА КОЛЕКЦІЯ КРОВЕЦЬ""]","[""visible cracks"", ""peeling paint""]"
KYD1863,"[""man with a mustache"", ""man with a receding hairline""]",[],"[""portrait""]","[""textured, muted green""]","[""dark jacket"", ""white shirt"", ""red and gold embroidery""]","[""ЕТНОГРАФІЧНА КОЛЕКЦІЯ КРОВЕЦЬ""]","[""signs of age"", ""wear""]"
KYD1864,"[""woman""]","[""canvas""]","[""portrait""]","[""textured, light brown wall""]","[""dark vest"", ""floral-patterned blouse"", ""multiple beaded necklaces""]","[""ЕТНОГРАФИЧНА КОЛЕКЦІЯ КРОВЕЦЬ""]","[""signs of age and wear""]"
KYD1865,"[""man""]",[],"[""portrait""]","[""dark"", ""textured""]","[""mustache"", ""dark hair"", ""red collar"", ""white shirt"", ""floral pattern"", ""dark coat""]","[""watermark""]",[]
KYD1866,[],"[""basket"", ""flowers""]","[""still life""]","[""textured blue-green""]",[],"[""ЕТНОГРАФИЧНА КОЛЕКЦІЯ КРОВЕЦЬ""]",[]
KYD1867,"[""man"", ""woman""]","[""long wooden stick"", ""large haystack"", ""long wooden pole"", ""wooden barrel""]","[""rural scene"", ""oil painting""]","[""wide, open landscape"", ""pale sky""]","[""white shirt"", ""dark hat"", ""white blouse"", ""red plaid skirt"", ""floral headpiece"", ""necklace""]","[""ЕТНОГРАФІЧНА КОЛЕКЦІЯ КРОВЕЦЬ""]","[""visible texture"", ""some damage""]"
KYD1868,"[""couple"", ""woman"", ""man"", ""another woman""]","[""well"", ""wooden bucket"", ""path""]","[""folk art""]","[""rural garden"", ""thatched-roof houses"", ""trees""]","[""traditional folk attire"", ""red dress with floral patterns"", ""necklace"", ""floral wreath"", ""white shirt"", ""red sash"", ""blue apron"", ""light-colored hat"", ""traditional clothing""]","[""ЕТНОГРАФИЧНА КОЛЕКЦІЯ КРОВЕЦЬ""]",[]
KYD1869,"[""one figure in a red coat"", ""another figure""]","[""dirt path"", ""white horse"", ""wicker fence"", ""trees"", ""houses"", ""canvas""]","[""painting"", ""rural landscape""]","[""rural landscape"", ""cloudy sky""]","[""red coat""]","[""ЕТНОГРАФІЧНА КОЛЕКЦІЯ КРОВЕЦЬ"", ""Ггора 1970.""]","[""visible texture"", ""some damage""]"
KYD1870,"[""woman""]","[""two houses"", ""red roofs"", ""white walls"", ""river"", ""wooden boat"", ""swans"", ""path"", ""green trees"", ""tall cypress trees""]","[""painted landscape""]","[""wooden surface"", ""visible grain"", ""sky"", ""birds""]","[""red skirt"", ""white blouse""]","[""ЕТНОГРАФИЧНА КОЛЕКЦІЯ КРОВЕЦЬ""]","[""some damage""]"
KYD1871,"[""woman in white shirt and dark skirt"", ""man in traditional folk clothing"", ""woman in traditional folk clothing"", ""woman in white shirt and dark skirt""]","[""two buckets"", ""wooden barrel""]","[""rural scene""]","[""thatched-roof house"", ""wooden fence""]","[""white shirt"", ""dark skirt"", ""traditional folk clothing""]","[""ЕТНОГРАФИЧНА КОЛЕКЦИЯ КРОВЕЦ""]","[""signs of age and wear""]"
KYD1872,"[""man"", ""woman"", ""black horse""]","[""bouquet"", ""large tree""]","[""rural scene""]","[""dirt path"", ""green fields"", ""several houses with thatched roofs"", ""light blue sky with some clouds""]","[""red coat"", ""black hat"", ""white blouse"", ""pink skirt""]","[""ІХАВ КОЗАК ЗАДУНАЙ"", ""ЕТНОГРАФІЧНА КОЛЕКЦІЯ КРОВЕЦЬ""]","[""visible signs of age and wear""]"
KYD1873,"[""woman""]","[""house"", ""thatched roof"", ""small window"", ""fence"", ""wildflowers"", ""trees""]","[""rural scene"", ""painting""]","[""other houses"", ""overcast sky"", ""wooden surface""]","[""traditional attire"", ""red dress"", ""white blouse"", ""floral headpiece""]","[""ЕТНОГРАФІЧНА КОЛЕКЦІЯ КРОВЕЦЬ""]","[""visible cracks"", ""damage""]"
KYD1874,"[""Two figures"", ""A few other figures""]","[""Church"", ""Onion domes"", ""Golden crosses"", ""Trees"", ""Flowering bushes"", ""Dirt path"", ""Wooden fence"", ""Small house"", ""Red roof"", ""Blue roof""]","[""Village scene"", ""Colorful painting""]","[""Lush green trees"", ""Flowering bushes"", ""Pale blue sky""]","[""Traditional clothing""]","[""ЕТНОГРАФІЧНА КОЛЛЕКЦІЯ КРОВЕЦЬ""]","[""Visible signs of age and wear""]"
KYD1875,"[""young boy""]",[],"[""portrait""]","[""plain, textured, light gray""]","[""white shirt"", ""blue and brown embroidered collar""]","[""ЕТНОГРАФІЧНА КОЛЕКЦІЯ КРОВЕЦЬ""]","[""visible cracks"", ""wear"", ""cracks on skin"", ""wear on fabric""]"
KYD1876,"[""man""]",[],"[""portrait""]","[""textured"", ""aged"", ""dark background""]","[""dark jacket"", ""white shirt"", ""colorful embroidered tie""]","[""ЕТНОГРАФІЧНА КОАРКІЛІ КРОВЕЦЬ""]","[""visible cracks"", ""peeling paint""]"
KYD1877,"[""man in blue skirt and orange shirt"", ""woman in white blouse and green skirt"", ""man in white shirt and red hat""]","[""horse's reins"", ""horse"", ""wooden fence"", ""trees"", ""house""]","[""painted folk scene""]","[""rural setting"", ""wooden fence"", ""trees"", ""house""]","[""blue skirt"", ""orange shirt"", ""white blouse"", ""green skirt"", ""white shirt"", ""red hat""]","[""ЕТНОГРАФІЧНА КОЛЕКЦІЯ КРОВЕЦЬ""]","[""signs of age and wear""]"
KYD1878,[],"[""white house"", ""grey roof"", ""orange shutters"", ""white picket fence"", ""lush greenery"", ""trees"", ""small pond"", ""lily pads"", ""white swan"", ""red boat""]","[""rural landscape""]","[""muted pink and grey sky""]",[],"[""ЕТНОГРАФИЧНА КОЛЕКЦІЯ КРОВЕЦЬ""]","[""large patches of dark, possibly burnt, material""]"
KYD1879,[],"[""white swans"", ""birch trees"", ""brown-trunked trees"", ""winding path"", ""grassy banks"", ""reeds"", ""flowering bushes"", ""small wooden stump""]","[""serene, natural landscape"", ""impressionistic style""]","[""distant field"", ""pale sky""]",[],"[""ЕТНОГРАФІЧНА КОЛЕКЦІЯ КРОВЕЦЬ""]",[]
KYD1880,"[""woman""]","[""red roses"", ""river"", ""houses"", ""trees""]","[""painting""]","[""hill"", ""sky""]","[""blue dress""]","[""ЕТНОГРАФІЧНА КОЛЕКЦІЯ КРОВЕЦЬ""]","[""signs of age"", ""wear""]"
KYD1881,"[""two women"", ""a man""]","[""wooden well"", ""pond"", ""ducks"", ""flock of birds"", ""trees"", ""houses"", ""windmill""]","[""painting"", ""rural landscape""]","[""rural landscape"", ""sky"", ""trees"", ""houses"", ""windmill""]",[],"[""ЕТНОГРАФІЧНА КОЛЕКЦІЯ КРОВЕЦЬ""]","[""visible signs of age"", ""damage""]"
KYD1882,"[""woman""]","[""wooden bucket"", ""basket""]","[""oil on canvas""]","[""trees"", ""blue sky"", ""small house""]","[""traditional folk attire"", ""barefoot"", ""red vest"", ""white blouse"", ""long skirt"", ""blue headband""]","[""ЕТНОГРАФІЧНА КОЛЕКЦІЯ КРОВЕЦЬ""]",[]
KYD1883,"[""woman"", ""horse"", ""small figures""]","[""dirt path"", ""white house"", ""thatched roof"", ""large green tree"", ""smaller building"", ""thatched roof"", ""horse""]","[""oil painting""]","[""rural village scene"", ""green field"", ""dark shadow"", ""grass""]","[""red skirt"", ""white blouse""]","[""ЕТНОГРАФІЧНА КОЛЕКЦІЯ КРОВЕЦЬ""]",[]
KYD1884,"[""two adults"", ""a child"", ""a person""]","[""a thatched-roof house"", ""a dirt path"", ""trees""]","[""a rural scene"", ""an oil painting""]","[""a pale blue sky""]",[],"[""ЕТНОГРАФІЧНА КОЛЕКЦІЯ КРОВЕЦЬ""]","[""a vertical crack in the center""]"
KYD1885,"[""man in red shawl"", ""older man in white robe"", ""woman in dark dress"", ""man in white shirt"", ""young boy in white shirt""]","[""small object"", ""red object"", ""table"", ""food"", ""drink""]","[""painting"", ""rural setting""]","[""rural setting"", ""wooden hut""]","[""red shawl"", ""blue pants"", ""white robe"", ""dark dress"", ""red headscarf"", ""white shirt""]","[""КРОВЕЦЬ"", ""ЕТНОГРАФІЧНА КОЛЕКЦІЯ""]",[]
KYD1886,"[""woman"", ""two horses"", ""white horse"", ""several people"", ""small child""]","[""long stick"", ""cart"", ""horses""]","[""rural scene"", ""oil painting""]","[""wet, muddy road"", ""simple house"", ""thatched roof"", ""overcast sky""]","[""white blouse"", ""dark skirt""]","[""А. Левин"", ""ЕТНОГРАФИЧНА КОЛЕКЦІЯ КРОВЕЦЬ""]",[]
KYD1887,"[""woman"", ""man""]","[""metal bucket"", ""horse""]","[""rural scene"", ""oil painting""]","[""muddy bank"", ""flooded field"", ""village"", ""trees"", ""overcast sky""]","[""traditional attire""]","[""ЕТНОГРАФІЧНА КОЛЕКЦІЯ КРОВЕЦЬ""]","[""visible brushstrokes"", ""wear""]"
KYD1888,"[""person""]","[""houses"", ""trees"", ""body of water"", ""red roofs"", ""white walls"", ""red shutters"", ""swans"", ""path""]","[""rural landscape"", ""painting""]","[""tall trees"", ""sky"", ""birds""]","[""blue dress""]","[""text in the upper left corner"", ""watermark in the lower right corner""]","[""visible signs of wear and tear""]"
KYD1889,[],"[""dirt path"", ""green hills"", ""small white house"", ""thatched roof"", ""pond"", ""white swans"", ""trees"", ""foliage""]","[""oil painting"", ""rural landscape""]","[""green hills"", ""pale overcast sky""]",[],"[""ЕТНОГРАФИЧНА КОЛЕКЦІЯ КРОВЕЦЬ""]","[""visible texture"", ""signs of age""]"
KYD1890,[],"[""dirt path"", ""green field"", ""small house"", ""red roof"", ""trees"", ""cypress-like trees"", ""large, dense tree"", ""sun""]","[""painting"", ""rural landscape""]","[""rural landscape"", ""dusk"", ""sky"", ""pale blue"", ""warm orange-yellow""]",[],"[""ЕТНОГРАФИЧНА КОЛЕКЦІЯ КРОВЕЦЬ""]","[""visible cracks"", ""scratches""]"
KYD1891,[],"[""pink roses"", ""yellow daffodils"", ""white daisies"", ""green stems"", ""leaves"", ""canvas""]","[""painting""]","[""light blue background""]",[],"[""ЕТНОГРАФІЧНА КОЛЕКЦІЯ КРОВЕЦЬ""]","[""visible texture"", ""wear""]"
KYD1892,"[""man"", ""young girl""]","[""canvas""]","[""painted portrait""]","[""plain, textured brown background""]","[""black cap"", ""dark jacket"", ""white shirt"", ""red dress"", ""white embroidery"", ""blue and red beaded necklace"", ""floral wreath""]","[""ЕТНОГРАФІЧНА КОЛЕКЦІЯ КРОВЕЦЬ""]","[""visible texture"", ""wear""]"
KYD1893,"[""man with a long beard"", ""man with a dark, pointed hat""]","[""pipe""]","[""painting""]","[""dark"", ""indistinct""]","[""dark, textured garment""]","[""ЕТНОГРАФІЧНА КОЛЕКЦІЯ КРОВЕЦЬ""]","[""visible brushstrokes"", ""wear""]"
KYD1894,"[""couple""]","[""basket"", ""small wooden barrel"", ""white horse"", ""black mane"", ""red saddle""]","[""painting""]","[""rural setting"", ""house"", ""red roof"", ""red window"", ""green trees"", ""blue sky"", ""yellow sun""]","[""red jacket"", ""blue pants"", ""white hat"", ""red dress"", ""white embroidery"", ""red headpiece""]","[""Дівчина. Мол. Напій. Коня."", ""КРОВЕЦ""]","[""visible brushstrokes"", ""wear""]"
KYD1895,"[""man with a beard and dark hair""]","[""large, round-bodied string instrument with a curved neck"", ""small tree""]","[""painted wooden panel""]","[""green hillside"", ""body of water"", ""distant landscape"", ""blue sky with white clouds""]","[""white shirt"", ""blue pants""]","[""ЕТНОГРАФІЧНА КОЛЕКЦІЯ КРОВЕЦЬ""]","[""visible vertical lines"", ""some damage""]"
KYD1896,"[""person""]","[""house"", ""thatched roof"", ""large tree"", ""body of water"", ""swans"", ""small boat"", ""forest""]","[""painting""]","[""rural landscape"", ""forest""]",[],"[""ЕТНОГРАФІЧНА КОЛЕКЦІЯ КРОВЕЦЬ""]","[""visible signs of age"", ""damage""]"
KYD1897,"[""man"", ""woman""]","[""horse"", ""water well"", ""dark jug"", ""stone platform""]","[""folk-art style"", ""painting""]","[""lush green landscape"", ""trees"", ""pond"", ""village""]","[""black hat"", ""dark blue coat"", ""white dress""]","[""ЕТНОГРАФІЧНА КОЛЕКЦІЯ КРОВЕЦЬ""]",[]
KYD1898,"[""Two people"", ""A man"", ""A woman""]","[""Dirt path"", ""Wooden well"", ""Bucket"", ""Apple"", ""Thatched-roof houses"", ""Pond"", ""Swans"", ""Windmill""]","[""Rural village scene"", ""Painting""]","[""Blue sky"", ""White clouds""]","[""Traditional folk attire"", ""Straw hat"", ""White shirt"", ""White blouse"", ""Red headscarf"", ""Dark skirt""]","[""I. Дробот 1956."", ""ЕТНОГРАФІЧНА КОЛЕКЦІЯ КРОВЕЦЬ""]",[]
KYD1899,"[""woman"", ""black dog""]","[""two buckets"", ""black dog"", ""church"", ""pond"", ""ducks"", ""houses"", ""trees"", ""fields"", ""dirt road"", ""steeple"", ""wooden surface""]","[""painted landscape"", ""rural village""]","[""green trees"", ""fields"", ""blue sky"", ""clouds"", ""hill"", ""wooden surface""]",[],"[""ЕТНОГРАФІЧНА КОЛЕКЦІЯ КРОВЕЦЬ""]","[""visible signs of wear"", ""damage""]"
KYD1900,"[""man in red and white embroidered shirt and blue trousers"", ""older man in similar attire"", ""woman in blue and red dress""]","[""black horse"", ""cane"", ""white house"", ""thatched roof"", ""wooden fence"", ""tall green trees"", ""chickens"", ""small dog""]","[""rural scene""]","[""blue sky"", ""white clouds"", ""birds"", ""ground""]","[""red and white embroidered shirt"", ""blue trousers"", ""blue and red dress""]","[""Веде коня за повода та плache Ярина. Старий батько іде ззаду научає сина."", ""Ростислав"", ""КРОВЕЦЬ"", ""ЕТНОГРАФІЧНА КОЛЕКЦІЯ""]","[""visible signs of age and wear""]"
KYD1901,"[""couple"", ""woman"", ""man"", ""horse""]","[""path"", ""horse"", ""saddle"", ""house"", ""thatched roof"", ""wooden fence"", ""trees"", ""birch tree""]","[""painting"", ""oil on canvas"", ""visible brushstrokes"", ""cracking""]","[""rural landscape"", ""green grass"", ""small house"", ""thatched roof"", ""wooden fence"", ""trees"", ""birch tree""]","[""white blouse with red embroidery"", ""red skirt"", ""floral headpiece"", ""dark jacket"", ""hat"", ""sword""]","[""ЕТНОГРАФІЧНА КОЛЕКЦІЯ КРОВЕЦЬ""]","[""visible brushstrokes"", ""cracking""]"
KYD1902,"[""group of people"", ""several men"", ""woman"", ""others""]","[""boat"", ""lute"", ""long wooden instrument"", ""basket"", ""large wooden object""]","[""painting"", ""depicting a group of people""]","[""river"", ""trees"", ""clear blue sky"", ""grass""]","[""traditional folk attire"", ""red vest"", ""blue skirt""]","[""ЕТНОГРАФІЧНА КОЛЕКЦІЯ КРОВЕЦЬ""]","[""signs of age"", ""wear""]"
KYD1903,[],"[""wooden windmill"", ""small white house"", ""thatched roof"", ""tall trees"", ""body of water""]","[""rural landscape""]","[""green hill"", ""pale sky"", ""clouds""]",[],"[""ЕТНОГРАФІЧНА КОЛЕКЦІЯ КРОВЕЦЬ""]","[""cracks"", ""paint wear""]"
KYD1904,"[""couple""]","[""horse"", ""saddle"", ""white house"", ""thatched roof"", ""wooden fence"", ""trees""]","[""painting""]","[""grassy path"", ""rural landscape"", ""light sky""]","[""blue tunic"", ""red sash"", ""red and white head covering"", ""white blouse"", ""red skirt"", ""floral headpiece""]","[""ЕТНОГРАФІЧНА КОЛЕКЦІЯ КРОВЕЦЬ""]","[""visible cracks"", ""wear""]"
KYD1905,[],"[""white house"", ""brown roof"", ""green trees"", ""path"", ""pond"", ""white swans"", ""dark birds"", ""weathered wooden surface""]","[""painting"", ""rural landscape""]","[""rural landscape"", ""dusk"", ""green and yellow sky""]",[],"[""ЕТНОГРАФИЧНА КОЛЕКЦІЯ КРОВЕЦЬ""]","[""visible cracks"", ""paint damage""]"
KYD1906,"[""man"", ""woman""]","[""black horse"", ""bucket"", ""wooden pole"", ""bucket""]","[""rural scene""]","[""houses with thatched roofs"", ""trees"", ""wood grain"", ""texture""]","[""white shirt"", ""dark hat"", ""red skirt"", ""white blouse""]","[""ЕТНОГРАФІЧНА КОЛЕКЦІЯ КРОВЕЦЬ""]",[]
KYD1907,"[""woman""]","[""wooden surface""]","[""painted portrait""]","[""wooded landscape"", ""trees"", ""green hills"", ""blue sky""]","[""traditional attire"", ""red headscarf"", ""white dress"", ""dark vest"", ""red sash""]","[""ЕТНОГРАФІЧНА КОЛЕКЦІЯ КРОВЕЦЬ""]","[""visible vertical cracks"", ""paint wear""]"
KYD1908,"[""woman""]","[""wooden surface""]","[""painted portrait""]","[""textured, muted green""]","[""traditional attire"", ""floral crown"", ""red and white flowers"", ""red veil"", ""multi-layered beaded necklace"", ""white blouse"", ""red floral embroidery""]","[""ЕТНОГРАФІЧНА КОЛЕКЦІЯ КРОВЕЦЬ"", ""1956 р.""]","[""visible wear""]"
KYD1909,"[""person lying on the ground""]","[""dark horse""]","[""depiction of a dark horse standing over a person""]","[""weathered, textured surface"", ""peeling paint in shades of green, yellow, and white""]","[""red and blue garment""]","[""ЕТНОГРАФІЧНА КОЛЕКЦІЯ КРОВЕЦЬ""]","[""damaged"", ""aged"", ""visible signs of age and wear""]"
KYD1910,"[""woman""]","[""wooden table"", ""bucket""]","[""painted wooden panel""]","[""green landscape"", ""trees"", ""small house"", ""thatched roof"", ""body of water""]","[""traditional Russian folk attire"", ""floral wreath"", ""red vest"", ""white blouse"", ""red floral embroidery"", ""white skirt"", ""red patterns""]","[""ПРИВЕТ"", ""ЕТНОГРАФІЧНА КОЛЕКЦІЯ КРОВЕЦЬ""]","[""weathered wooden surface"", ""visible cracks"", ""peeling paint""]"
KYD1911,[],"[""houses"", ""thatched roofs"", ""white walls"", ""green trees"", ""vegetation"", ""wooden fence"", ""dirt path"", ""body of water"", ""pond"", ""small lake"", ""sky"", ""white clouds""]","[""oil painting"", ""canvas"", ""rural village scene""]","[""rural village scene"", ""clear blue sky"", ""green trees"", ""vegetation"", ""wooden fence"", ""dirt path"", ""body of water"", ""pond"", ""small lake"", ""white clouds""]",[],"[""ЕТНОГРАФІЧНА КОЛЕКЦІЯ КРОВЕЦЬ""]","[""visible cracks"", ""paint damage"", ""signs of age and wear""]"
KYD1912,"[""five men""]","[""walking stick"", ""large string instrument"", ""small instrument""]","[""outdoor setting"", ""painting""]","[""trees"", ""river"", ""distant building""]","[""traditional folk attire"", ""white shirts"", ""dark trousers"", ""hats"", ""red sash""]","[""КРОВЕЦЬ"", ""ЕТНОГРАФІЧНА КОЛЕКЦІЯ""]","[""signs of age"", ""wear""]"
KYD1913,"[""several women"", ""man""]","[""lute"", ""garlands of flowers"", ""boat"", ""trees"", ""wooden fence""]","[""ritual"", ""painting""]","[""nighttime scene"", ""river"", ""crescent moon"", ""wooded area""]","[""flowing dresses"", ""floral headpieces""]","[""КРОВЕЦЬ"", ""12/15/1967""]","[""signs of age"", ""wear""]"
KYD1914,[],"[""two prominent dark leafless trees"", ""small hut with thatched roof"", ""distant treeline""]","[""rural landscape""]","[""textured aged surface"", ""pale textured sky"", ""rural landscape""]",[],"[""ЕТНОГРАФІЧНА КОЛЕКЦІЯ КРОВЕЦЬ""]","[""textured aged surface""]"
KYD1915,"[""man"", ""woman""]","[""large tree""]","[""natural setting""]","[""landscape""]","[""white shirt"", ""red neckerchief"", ""red and blue headscarf""]","[""ЕТНОГРАФІЧНА КОЛЕКЦІЯ КРОВЕЦЬ""]","[""peeling paint"", ""cracks""]"
KYD1916,"[""large man with a beard"", ""several men""]","[""small object"", ""cart with flowers""]","[""depicting a scene""]","[""building with a thatched roof""]","[""traditional clothing""]","[""line of Cyrillic text"", ""ЕТНОГРАФІЧНА КОЛЕКЦІЯ КРОВЕЦЬ""]","[""peeling paint"", ""cracks"", ""significant wear and tear""]"
KYD1917,"[""man with a mustache""]",[],"[""painted portrait""]","[""dark and textured""]","[""dark suit"", ""white shirt"", ""striped tie""]","[""ЕТНОГРАФІЧНА КОЛЕКЦІЯ КРОВЕЦЬ krovets.com.ua""]","[""paint splatters"", ""cracks""]"
KYD1920,"[""Virgin Mary"", ""infant Jesus""]",[],"[""religious icon""]","[""golden-yellow"", ""dark border""]","[""red robe with gold trim"", ""blue veil"", ""golden crown with blue and red jewels"", ""green robe"", ""white tunic"", ""crown""]","[""ЕТНОГРАФИЧНА КОЛЕКЦІЯ КРОВЕЦЬ"", ""kroves.com.ua""]","[""paint peeling"", ""cracks""]"
KYD1921,[],"[""houses"", ""thatched roofs"", ""trees"", ""river"", ""swans"", ""windmill""]","[""rural landscape""]","[""hillside"", ""overcast sky""]",[],"[""ЕТНОГРАФИЧНА КОЛЕКЦІЯ КРОВЕЦЬ"", ""Весел на Урдахке Полтавщина""]","[""visible damage""]"
KYD1922,[],"[""body of water"", ""small house"", ""windmill""]","[""rural landscape""]","[""wooden surface"", ""hill"", ""sky""]",[],"[""ЕТНОГРАФІЧНА КОЛЕКЦІЯ КРОВЕЦЬ krovets.com.ua""]","[""hole in the upper right"", ""dark stain on the lower left""]"
KYD1923,"[""two figures"", ""one near the house"", ""another further down""]","[""small house"", ""red roof"", ""green hillside"", ""winding blue stream"", ""dirt path"", ""large trees"", ""yellow sun"", ""wood""]","[""painting"", ""rural landscape""]","[""rural landscape"", ""dusk"", ""orange and blue hues"", ""visible grain""]",[],"[""ЕТНОГРАФИЧНА КОЛЕКЦІЯ КРОВЕЦЬ krovets.com.ua""]","[""some damage""]"
KYD1924,"[""bearded man"", ""child"", ""woman""]","[""book""]","[""religious icon""]","[""dark"", ""flowers""]","[""red and gold robe"", ""red mitre"", ""red robe"", ""red crown""]","[""Greek script""]","[""cracking"", ""peeling paint""]"
KYD1925,"[""man"", ""woman"", ""two men""]","[""wooden bench"", ""pipe"", ""table"", ""basket"", ""tree"", ""two horses"", ""dog"", ""yellow house"", ""wooden roof""]","[""painted scene"", ""rural gathering""]","[""green hills"", ""trees"", ""winding path"", ""cloudy sky""]","[""red and white embroidered shirt"", ""blue headscarf"", ""white blouse"", ""blue and yellow embroidered shirts""]",[],"[""signs of age"", ""wear""]"
KYD1926,"[""couple""]","[""wooden well"", ""houses"", ""windmill"", ""river"", ""ducks""]","[""painted folk scene""]","[""green landscape"", ""village""]","[""traditional Ukrainian attire""]","[""КРОВЕЦЬ"", ""krovet.com.ua""]","[""signs of wear and tear""]"
KYD2467,"[""man in red coat and black hat"", ""man in white shirt and purple skirt"", ""woman in blue and white embroidered dress""]","[""sword"", ""rope"", ""black horse"", ""houses with thatched roofs"", ""church with green domes"", ""windmill""]","[""rural scene""]","[""blue sky with clouds"", ""rural scene"", ""painted wooden panel""]","[""red coat"", ""black hat"", ""white shirt"", ""purple skirt"", ""blue and white embroidered dress""]","[""text in Ukrainian at the bottom right""]","[""visible cracks"", ""holes in the wood""]"
KYD2468,"[""woman"", ""man"", ""man"", ""young boy"", ""man""]","[""small object"", ""small wooden bucket""]","[""rural scene""]","[""white house with thatched roof"", ""trees"", ""another house""]","[""blue and red embroidered dress"", ""blue coat"", ""white shirt"", ""red neckerchief"", ""red jacket"", ""white outfit"", ""white shirt"", ""red tie""]","[""watermark""]",[]
KYD2469,"[""man with a mustache""]","[""carved wooden frame"", ""carved inscription""]","[""portrait""]","[""textured blue"", ""patches of red"", ""patches of brown""]","[""dark suit"", ""light-colored shirt"", ""dark tie""]","[""1917"", ""ЕТНОГРАФІЧНА КОЛЕКЦІЯ КРОВЕЦЬ"", ""krovets.com.ua""]","[""cracks"", ""peeling paint"", ""damaged"", ""age"", ""damage""]"
KYD2504,"[""man"", ""woman"", ""group of people"", ""people on horseback""]","[""black horse"", ""houses"", ""thatched roofs"", ""trees"", ""windmill"", ""dirt path""]","[""painted wooden panel"", ""rural scene"", ""marching""]","[""rural scene"", ""sky"", ""dirt path"", ""houses"", ""trees"", ""windmill""]","[""blue coat"", ""patterned hat"", ""patterned dress"", ""traditional clothing""]","[""ЕТНОГРАФИЧНА КОЛЕКЦІЯ КРОВЕЦЬ krovets.com.ua""]","[""visible signs of age and wear""]"
KYD2505,"[""man"", ""woman""]",[],"[""portrait painting""]","[""dark, textured green""]","[""beard"", ""dark coat"", ""boots"", ""white headscarf"", ""dark dress""]","[""ЕТНОГРАФІЧНА КОЛЕКЦІЯ КРОВЕЦЬ krovets.com.ua""]","[""signs of age and wear""]"
KYD2800,"[""man with long dark hair and a beard""]","[""wooden staff"", ""small carved wooden lamb""]","[""wooden icon""]","[""dark and textured""]","[""red robe"", ""dark cloak""]","[""ЕТНОГРАФИЧНА КОЛЕКЦІЯ КРОВЕЦЬ krovets.com.ua""]","[""cracks"", ""peeling paint"", ""visible signs of age""]"
KYD2801,"[""Virgin Mary"", ""infant Jesus""]",[],"[""religious painting""]","[""dark"", ""cracked texture"", ""dark surface"", ""black surface""]","[""halo"", ""red robe""]","[""ЕТНОГРАФИЧНА КОЛЕКЦІЯ КРОВЕЦЬ"", ""krovets.com.ua""]","[""cracked texture"", ""visible cracks""]"
KYD2802,"[""Jesus Christ""]","[""heart with a cross"", ""radiant sunburst pattern""]","[""religious painting""]","[""dark""]","[""red robe""]","[""КРОВЕЦЬ""]",[]
KYD2803,"[""Virgin Mary"", ""infant Jesus""]","[""black border"", ""yellow inner border""]","[""painted icon""]","[""solid blue""]","[""golden halo"", ""red robe with gold trim"", ""blue inner garment"", ""golden halo""]","[""КРОВЕЦЬ"", ""kroves.com.ua""]","[""cracks"", ""flaking paint""]"
KYD2804,"[""men"", ""women"", ""children""]","[""two-horse cart"", ""two horses"", ""white horse"", ""dark horse"", ""buildings"", ""church"", ""house"", ""red roof""]","[""painting""]","[""rural landscape"", ""trees"", ""flowers""]","[""traditional folk attire"", ""colorful, patterned clothing""]","[""ЕТНОГРАФІЧНА КОЛЕКЦІЯ КРОВЕЦЬ"", ""krovets.com.ua""]","[""visible cracks"", ""damage on the surface""]"
KYD2805,"[""man"", ""woman""]","[""bouquet of flowers"", ""small bouquet"", ""flowering tree"", ""tall trees"", ""small body of water"", ""two small houses""]","[""painting""]","[""grassy field"", ""greenery"", ""blue sky"", ""clouds""]","[""traditional folk attire""]","[""ЕТНОПРАФИЧНА КОЛЕКЦІЯ КРОВЕЦЬ"", ""website address""]","[""visible signs of age and wear""]"
KYD2815,"[""group of people"", ""crowded figures"", ""one person holding white flag""]","[""wooden boats"", ""white flag"", ""yellow emblem"", ""birds""]","[""painting"", ""depiction""]","[""choppy sea"", ""overcast sky"", ""greenish-blue hue"", ""distance""]",[],"[""ЕТНОГРАФИЧНА КОЛЕКЦІЯ КРОВЕЦЬ"", ""krovets.com.ua""]","[""signs of age"", ""wear""]"
KYD2816,"[""man""]","[""blue oval frame""]","[""portrait""]","[""weathered blue wooden surface""]","[""thick, curly black wig"", ""mustache"", ""dark coat"", ""fur collar""]","[""Т.Г. ШЕВЧЕНКО"", ""КРОВЕЦЬ""]","[""visible grain"", ""cracks""]"
KYD3020,"[""woman""]","[""piece of fabric"", ""green patch of grass""]","[""painted portrait""]","[""textured light brown fabric""]","[""traditional attire"", ""colorful patterned headscarf"", ""white blouse"", ""red geometric embroidery"", ""cream-colored vest"", ""small trees"", ""diamonds"", ""red and black striped skirt"", ""white laced-up boots""]","[""watermark""]",[]
KYD495,[],"[""houses"", ""river"", ""bridge"", ""boat"", ""swans"", ""trees"", ""bushes"", ""birch tree""]","[""painted landscape"", ""village""]","[""lush green trees"", ""bushes"", ""river"", ""light blue sky"", ""clouds""]",[],"[""watermark""]","[""signs of age"", ""wear""]"
